MATNR,SPRAS,MAKTX
000000000000000001,E,Gadget Pro 1884
000000000000000002,E,Unit Plus 2743
000000000000000003,E,Assembly Basic 9847
000000000000000004,E,Tool Basic 3006
000000000000000005,E,System Basic 6001
000000000000000006,E,Widget Pro 5003
000000000000000007,E,Module Standard 6308
000000000000000008,E,Gadget Premium 9118
000000000000000009,E,Gadget Standard 7813
000000000000000010,E,Device Pro 4596
000000000000000011,E,Module Basic 6879
000000000000000012,E,Part Plus 3525
000000000000000013,E,Tool Pro 1890
000000000000000014,E,Tool Basic 1536
000000000000000015,E,System Basic 4805
000000000000000016,E,Unit Basic 5285
000000000000000017,E,Assembly Basic 9523
000000000000000018,E,Tool Standard 2225
000000000000000019,E,Tool Basic 8232
000000000000000020,E,Part Premium 8169
000000000000000021,E,Device Basic 3912
000000000000000022,E,Assembly Plus 125
000000000000000023,E,Gadget Pro 7716
000000000000000024,E,Gadget Plus 6893
000000000000000025,E,Unit Pro 5568
000000000000000026,E,Module Basic 3578
000000000000000027,E,Widget Plus 4714
000000000000000028,E,Assembly Pro 5142
000000000000000029,E,Assembly Basic 9111
000000000000000030,E,Module Pro 1965
000000000000000031,E,Module Standard 6588
000000000000000032,E,Tool Basic 577
000000000000000033,E,Device Plus 5515
000000000000000034,E,Module Premium 7874
000000000000000035,E,Widget Plus 7988
000000000000000036,E,Device Premium 8897
000000000000000037,E,Module Premium 6882
000000000000000038,E,Widget Basic 5004
000000000000000039,E,Tool Standard 9196
000000000000000040,E,Part Pro 3512
000000000000000041,E,Tool Standard 5893
000000000000000042,E,Gadget Plus 4695
000000000000000043,E,Widget Standard 6247
000000000000000044,E,Part Plus 9454
000000000000000045,E,Tool Premium 3170
000000000000000046,E,Tool Pro 5150
000000000000000047,E,Module Pro 4548
000000000000000048,E,Unit Pro 8243
000000000000000049,E,Component Standard 7504
000000000000000050,E,Assembly Plus 8703
000000000000000051,E,Assembly Plus 1938
000000000000000052,E,Module Pro 3411
000000000000000053,E,Gadget Premium 8390
000000000000000054,E,Widget Premium 8292
000000000000000055,E,Device Plus 5672
000000000000000056,E,System Basic 5184
000000000000000057,E,Module Plus 1709
000000000000000058,E,Part Plus 3461
000000000000000059,E,Widget Premium 6450
000000000000000060,E,Part Pro 167
000000000000000061,E,Assembly Pro 9836
000000000000000062,E,Gadget Standard 7749
000000000000000063,E,Widget Pro 8629
000000000000000064,E,Assembly Pro 9562
000000000000000065,E,Assembly Plus 5357
000000000000000066,E,Component Plus 4795
000000000000000067,E,Assembly Basic 5328
000000000000000068,E,System Pro 4567
000000000000000069,E,Device Plus 4583
000000000000000070,E,Gadget Pro 9268
000000000000000071,E,Part Pro 3484
000000000000000072,E,Part Standard 9100
000000000000000073,E,Module Standard 2419
000000000000000074,E,Assembly Basic 4111
000000000000000075,E,Device Pro 5201
000000000000000076,E,Tool Standard 8956
000000000000000077,E,System Pro 2231
000000000000000078,E,Widget Premium 926
000000000000000079,E,Gadget Premium 981
000000000000000080,E,Gadget Premium 6521
000000000000000081,E,Device Basic 9811
000000000000000082,E,System Basic 5926
000000000000000083,E,Assembly Standard 3346
000000000000000084,E,Part Pro 7729
000000000000000085,E,Tool Plus 1622
000000000000000086,E,System Pro 7564
000000000000000087,E,Assembly Premium 7809
000000000000000088,E,Component Plus 2454
000000000000000089,E,Tool Standard 6054
000000000000000090,E,Unit Plus 5512
000000000000000091,E,Module Premium 8087
000000000000000092,E,Widget Pro 7887
000000000000000093,E,Gadget Standard 7942
000000000000000094,E,System Plus 4724
000000000000000095,E,Module Basic 9515
000000000000000096,E,Device Basic 1786
000000000000000097,E,Unit Pro 5439
000000000000000098,E,Part Pro 5049
000000000000000099,E,Part Premium 6666
000000000000000100,E,Tool Premium 4008
000000000000000101,E,Tool Plus 9077
000000000000000102,E,Device Premium 6388
000000000000000103,E,Gadget Standard 3511
000000000000000104,E,Tool Premium 7232
000000000000000105,E,Tool Standard 9021
000000000000000106,E,Component Plus 1376
000000000000000107,E,Tool Premium 1973
000000000000000108,E,Tool Basic 7684
000000000000000109,E,Module Basic 1699
000000000000000110,E,System Plus 5146
000000000000000111,E,Unit Pro 9901
000000000000000112,E,Gadget Basic 6308
000000000000000113,E,Module Premium 1107
000000000000000114,E,Gadget Plus 2376
000000000000000115,E,Tool Pro 2503
000000000000000116,E,Device Premium 8804
000000000000000117,E,Assembly Premium 9568
000000000000000118,E,System Plus 3469
000000000000000119,E,Module Standard 9443
000000000000000120,E,Assembly Premium 5740
000000000000000121,E,Gadget Basic 233
000000000000000122,E,Tool Basic 6722
000000000000000123,E,Device Standard 1122
000000000000000124,E,Module Basic 970
000000000000000125,E,Widget Basic 5985
000000000000000126,E,Gadget Standard 610
000000000000000127,E,Component Premium 9769
000000000000000128,E,Unit Standard 6371
000000000000000129,E,Unit Premium 7230
000000000000000130,E,Part Plus 2941
000000000000000131,E,System Plus 3183
000000000000000132,E,Part Premium 6002
000000000000000133,E,Unit Plus 4826
000000000000000134,E,Device Plus 290
000000000000000135,E,Gadget Pro 2459
000000000000000136,E,System Premium 2324
000000000000000137,E,Gadget Plus 6913
000000000000000138,E,System Basic 7074
000000000000000139,E,Tool Plus 7544
000000000000000140,E,Part Premium 9144
000000000000000141,E,System Premium 5921
000000000000000142,E,Component Plus 7059
000000000000000143,E,Tool Pro 9568
000000000000000144,E,System Plus 8320
000000000000000145,E,Assembly Premium 9048
000000000000000146,E,Tool Standard 648
000000000000000147,E,Widget Basic 8017
000000000000000148,E,Module Pro 9607
000000000000000149,E,System Pro 2427
000000000000000150,E,Part Standard 7717
000000000000000151,E,Part Pro 8674
000000000000000152,E,Tool Pro 4117
000000000000000153,E,System Pro 8934
000000000000000154,E,Tool Standard 964
000000000000000155,E,Module Basic 276
000000000000000156,E,System Premium 8499
000000000000000157,E,System Basic 5531
000000000000000158,E,Unit Standard 4927
000000000000000159,E,Assembly Plus 678
000000000000000160,E,Tool Standard 9335
000000000000000161,E,Assembly Pro 7852
000000000000000162,E,Tool Plus 9485
000000000000000163,E,Widget Standard 547
000000000000000164,E,Assembly Premium 1451
000000000000000165,E,Device Basic 1359
000000000000000166,E,Assembly Standard 2271
000000000000000167,E,Tool Standard 4609
000000000000000168,E,Assembly Pro 1927
000000000000000169,E,Tool Plus 9795
000000000000000170,E,Device Premium 6158
000000000000000171,E,Device Standard 3969
000000000000000172,E,System Plus 8740
000000000000000173,E,Widget Standard 1482
000000000000000174,E,Device Basic 2625
000000000000000175,E,System Premium 6377
000000000000000176,E,Component Premium 2840
000000000000000177,E,Component Basic 5753
000000000000000178,E,Widget Standard 2000
000000000000000179,E,Widget Plus 7702
000000000000000180,E,Unit Premium 5037
000000000000000181,E,System Basic 3928
000000000000000182,E,Unit Premium 7875
000000000000000183,E,Assembly Plus 8790
000000000000000184,E,Unit Pro 4831
000000000000000185,E,System Premium 5272
000000000000000186,E,Part Pro 1695
000000000000000187,E,Part Standard 7174
000000000000000188,E,Tool Standard 5588
000000000000000189,E,Assembly Standard 1710
000000000000000190,E,Assembly Basic 6508
000000000000000191,E,System Plus 9745
000000000000000192,E,Component Basic 5628
000000000000000193,E,Device Standard 9072
000000000000000194,E,Widget Pro 1213
000000000000000195,E,Widget Premium 1700
000000000000000196,E,Part Pro 7406
000000000000000197,E,Module Plus 4741
000000000000000198,E,Assembly Plus 657
000000000000000199,E,Widget Basic 1606
000000000000000200,E,Widget Basic 3652
000000000000000201,E,Tool Pro 2065
000000000000000202,E,Gadget Basic 2228
000000000000000203,E,Unit Basic 3127
000000000000000204,E,Gadget Plus 4250
000000000000000205,E,Assembly Premium 1340
000000000000000206,E,System Standard 7095
000000000000000207,E,Module Standard 2753
000000000000000208,E,Gadget Standard 1122
000000000000000209,E,Unit Premium 5550
000000000000000210,E,Widget Standard 4436
000000000000000211,E,Device Premium 1237
000000000000000212,E,System Plus 6532
000000000000000213,E,Device Premium 1876
000000000000000214,E,Device Basic 7165
000000000000000215,E,Component Basic 1840
000000000000000216,E,System Standard 1792
000000000000000217,E,Widget Pro 1253
000000000000000218,E,Tool Standard 7405
000000000000000219,E,Widget Premium 2538
000000000000000220,E,Widget Pro 6497
000000000000000221,E,Assembly Plus 5503
000000000000000222,E,Unit Basic 160
000000000000000223,E,Part Premium 7933
000000000000000224,E,Unit Premium 1248
000000000000000225,E,Part Plus 154
000000000000000226,E,Unit Premium 2085
000000000000000227,E,Tool Basic 5980
000000000000000228,E,Module Standard 6663
000000000000000229,E,Widget Pro 6085
000000000000000230,E,Part Standard 1418
000000000000000231,E,System Standard 3427
000000000000000232,E,Device Basic 744
000000000000000233,E,Unit Plus 4996
000000000000000234,E,Unit Pro 5986
000000000000000235,E,System Pro 7275
000000000000000236,E,Component Plus 684
000000000000000237,E,Component Pro 9814
000000000000000238,E,Component Premium 6469
000000000000000239,E,Gadget Basic 5141
000000000000000240,E,System Basic 7461
000000000000000241,E,Widget Pro 5658
000000000000000242,E,Widget Standard 801
000000000000000243,E,Unit Pro 3568
000000000000000244,E,Part Premium 8891
000000000000000245,E,Device Basic 3917
000000000000000246,E,Gadget Pro 2419
000000000000000247,E,System Pro 7820
000000000000000248,E,Tool Pro 4076
000000000000000249,E,Device Pro 2922
000000000000000250,E,Widget Standard 1694
000000000000000251,E,System Basic 2896
000000000000000252,E,Tool Pro 1842
000000000000000253,E,Gadget Premium 9848
000000000000000254,E,Tool Plus 1133
000000000000000255,E,Component Premium 5627
000000000000000256,E,Unit Standard 2079
000000000000000257,E,Tool Basic 2350
000000000000000258,E,Module Plus 846
000000000000000259,E,Tool Plus 5596
000000000000000260,E,Gadget Pro 4587
000000000000000261,E,Device Premium 2853
000000000000000262,E,Module Basic 2803
000000000000000263,E,System Plus 9635
000000000000000264,E,Widget Plus 1737
000000000000000265,E,Tool Premium 2684
000000000000000266,E,Widget Premium 1422
000000000000000267,E,Widget Pro 3039
000000000000000268,E,Gadget Basic 4748
000000000000000269,E,Unit Premium 2179
000000000000000270,E,Component Plus 4539
000000000000000271,E,Part Premium 6850
000000000000000272,E,Component Plus 716
000000000000000273,E,Tool Plus 8290
000000000000000274,E,Tool Pro 5034
000000000000000275,E,Module Premium 174
000000000000000276,E,Part Plus 3244
000000000000000277,E,Gadget Basic 1667
000000000000000278,E,Tool Standard 8942
000000000000000279,E,Part Plus 7705
000000000000000280,E,Component Standard 969
000000000000000281,E,Component Pro 2544
000000000000000282,E,System Premium 2988
000000000000000283,E,Device Pro 985
000000000000000284,E,Module Standard 3533
000000000000000285,E,Unit Standard 5577
000000000000000286,E,Tool Premium 809
000000000000000287,E,Gadget Pro 8904
000000000000000288,E,Device Plus 576
000000000000000289,E,System Basic 2001
000000000000000290,E,Gadget Plus 7387
000000000000000291,E,Tool Basic 5440
000000000000000292,E,Unit Plus 5436
000000000000000293,E,Component Pro 5443
000000000000000294,E,Component Pro 3984
000000000000000295,E,Unit Plus 6252
000000000000000296,E,Component Pro 7816
000000000000000297,E,Tool Premium 990
000000000000000298,E,Unit Plus 3641
000000000000000299,E,Tool Premium 3017
000000000000000300,E,Unit Standard 2334
000000000000000301,E,System Plus 5975
000000000000000302,E,Assembly Plus 5603
000000000000000303,E,Device Pro 9417
000000000000000304,E,Widget Standard 2336
000000000000000305,E,Gadget Premium 7613
000000000000000306,E,Unit Plus 5729
000000000000000307,E,Component Standard 9989
000000000000000308,E,Device Basic 2884
000000000000000309,E,Tool Basic 3863
000000000000000310,E,Gadget Premium 8648
000000000000000311,E,System Plus 9792
000000000000000312,E,System Premium 4673
000000000000000313,E,Widget Premium 4141
000000000000000314,E,Component Standard 7214
000000000000000315,E,Tool Plus 9795
000000000000000316,E,Device Basic 183
000000000000000317,E,Unit Pro 756
000000000000000318,E,System Basic 650
000000000000000319,E,Unit Basic 6560
000000000000000320,E,System Pro 7512
000000000000000321,E,System Plus 1461
000000000000000322,E,Part Pro 6762
000000000000000323,E,Component Plus 5972
000000000000000324,E,Assembly Plus 1586
000000000000000325,E,Widget Premium 5094
000000000000000326,E,Device Premium 9445
000000000000000327,E,Tool Pro 7552
000000000000000328,E,System Plus 6741
000000000000000329,E,Device Standard 7707
000000000000000330,E,Widget Pro 6405
000000000000000331,E,Module Basic 635
000000000000000332,E,Assembly Premium 4520
000000000000000333,E,Tool Basic 9524
000000000000000334,E,Component Pro 5600
000000000000000335,E,Widget Basic 6063
000000000000000336,E,Widget Pro 6374
000000000000000337,E,Module Premium 769
000000000000000338,E,Module Standard 2971
000000000000000339,E,Part Pro 9287
000000000000000340,E,Component Plus 5587
000000000000000341,E,Component Basic 1960
000000000000000342,E,System Basic 3537
000000000000000343,E,Component Standard 5878
000000000000000344,E,Assembly Basic 7029
000000000000000345,E,Assembly Pro 1138
000000000000000346,E,Module Standard 7512
000000000000000347,E,System Basic 8729
000000000000000348,E,Gadget Premium 8814
000000000000000349,E,Part Standard 7505
000000000000000350,E,Tool Standard 1175
000000000000000351,E,Component Premium 1530
000000000000000352,E,Gadget Premium 3029
000000000000000353,E,Assembly Pro 1891
000000000000000354,E,Device Standard 1935
000000000000000355,E,Device Premium 2565
000000000000000356,E,Component Basic 471
000000000000000357,E,Assembly Premium 8970
000000000000000358,E,Device Premium 5780
000000000000000359,E,Unit Premium 451
000000000000000360,E,Assembly Plus 1131
000000000000000361,E,Widget Plus 8613
000000000000000362,E,Module Premium 9581
000000000000000363,E,Module Standard 8065
000000000000000364,E,Tool Basic 9086
000000000000000365,E,System Premium 5082
000000000000000366,E,Tool Plus 5121
000000000000000367,E,Device Standard 3815
000000000000000368,E,System Standard 4820
000000000000000369,E,Widget Plus 5885
000000000000000370,E,Assembly Premium 2825
000000000000000371,E,Tool Plus 8870
000000000000000372,E,Assembly Plus 2973
000000000000000373,E,Device Plus 3997
000000000000000374,E,Gadget Pro 5287
000000000000000375,E,Tool Plus 7323
000000000000000376,E,Assembly Standard 3122
000000000000000377,E,Component Basic 668
000000000000000378,E,Module Standard 2523
000000000000000379,E,Module Premium 8945
000000000000000380,E,Device Basic 5040
000000000000000381,E,Gadget Pro 6728
000000000000000382,E,System Plus 7604
000000000000000383,E,Module Plus 170
000000000000000384,E,Part Basic 5527
000000000000000385,E,Assembly Premium 4848
000000000000000386,E,Tool Plus 9360
000000000000000387,E,System Standard 1940
000000000000000388,E,System Pro 2384
000000000000000389,E,Part Pro 5147
000000000000000390,E,Widget Premium 3710
000000000000000391,E,System Standard 1615
000000000000000392,E,Module Pro 3297
000000000000000393,E,Tool Basic 3739
000000000000000394,E,Assembly Plus 469
000000000000000395,E,Gadget Basic 7398
000000000000000396,E,Gadget Basic 6562
000000000000000397,E,Component Premium 5306
000000000000000398,E,Tool Basic 8481
000000000000000399,E,Widget Standard 6613
000000000000000400,E,Device Premium 6156
000000000000000401,E,Unit Standard 299
000000000000000402,E,Assembly Standard 5856
000000000000000403,E,Assembly Premium 9291
000000000000000404,E,Gadget Plus 7378
000000000000000405,E,Unit Premium 4828
000000000000000406,E,Device Premium 6886
000000000000000407,E,Device Basic 9896
000000000000000408,E,Gadget Plus 3504
000000000000000409,E,Assembly Premium 8706
000000000000000410,E,Module Pro 9777
000000000000000411,E,Unit Pro 208
000000000000000412,E,Unit Standard 6891
000000000000000413,E,Device Basic 7671
000000000000000414,E,Tool Plus 3364
000000000000000415,E,Device Premium 4842
000000000000000416,E,Part Premium 791
000000000000000417,E,Assembly Basic 5079
000000000000000418,E,System Basic 7693
000000000000000419,E,Component Pro 140
000000000000000420,E,Device Standard 5017
000000000000000421,E,System Pro 4813
000000000000000422,E,Unit Plus 8159
000000000000000423,E,Component Pro 2055
000000000000000424,E,Assembly Premium 1193
000000000000000425,E,Tool Standard 9620
000000000000000426,E,System Basic 7244
000000000000000427,E,Assembly Premium 2059
000000000000000428,E,Module Basic 9525
000000000000000429,E,Widget Standard 2768
000000000000000430,E,Tool Pro 2494
000000000000000431,E,Module Premium 2319
000000000000000432,E,Module Plus 966
000000000000000433,E,Assembly Standard 6973
000000000000000434,E,Module Pro 4849
000000000000000435,E,Assembly Basic 1358
000000000000000436,E,Part Plus 3102
000000000000000437,E,Gadget Basic 2838
000000000000000438,E,Part Standard 5280
000000000000000439,E,Assembly Standard 6039
000000000000000440,E,Gadget Basic 9603
000000000000000441,E,Module Plus 311
000000000000000442,E,Device Basic 4710
000000000000000443,E,Module Premium 6850
000000000000000444,E,Module Plus 1778
000000000000000445,E,Component Plus 8347
000000000000000446,E,Component Plus 9253
000000000000000447,E,Tool Basic 8817
000000000000000448,E,Part Pro 6937
000000000000000449,E,System Pro 2009
000000000000000450,E,Device Pro 7956
000000000000000451,E,Module Standard 6040
000000000000000452,E,Device Premium 9891
000000000000000453,E,Part Standard 2921
000000000000000454,E,Assembly Pro 2043
000000000000000455,E,Component Plus 2432
000000000000000456,E,Component Standard 2153
000000000000000457,E,Component Plus 1387
000000000000000458,E,Unit Pro 1373
000000000000000459,E,Widget Premium 7165
000000000000000460,E,Widget Plus 1866
000000000000000461,E,Widget Basic 9818
000000000000000462,E,Widget Premium 2048
000000000000000463,E,Assembly Pro 1185
000000000000000464,E,Assembly Pro 1681
000000000000000465,E,Gadget Basic 3465
000000000000000466,E,Tool Plus 3127
000000000000000467,E,Module Pro 1587
000000000000000468,E,Device Standard 9598
000000000000000469,E,Module Standard 2730
000000000000000470,E,Part Basic 4062
000000000000000471,E,Part Basic 1219
000000000000000472,E,Gadget Basic 329
000000000000000473,E,Part Plus 3238
000000000000000474,E,Assembly Plus 8900
000000000000000475,E,Widget Pro 3606
000000000000000476,E,Part Premium 6104
000000000000000477,E,Tool Plus 7303
000000000000000478,E,Gadget Plus 5913
000000000000000479,E,Unit Premium 3610
000000000000000480,E,Part Plus 6777
000000000000000481,E,Gadget Standard 2125
000000000000000482,E,System Pro 8615
000000000000000483,E,Device Premium 6018
000000000000000484,E,Assembly Basic 765
000000000000000485,E,Gadget Standard 8188
000000000000000486,E,Gadget Premium 4746
000000000000000487,E,System Basic 5211
000000000000000488,E,System Plus 9175
000000000000000489,E,Unit Standard 7111
000000000000000490,E,Component Pro 7893
000000000000000491,E,Module Plus 309
000000000000000492,E,System Pro 6594
000000000000000493,E,System Basic 1492
000000000000000494,E,Gadget Plus 6568
000000000000000495,E,Unit Basic 1766
000000000000000496,E,Device Pro 6059
000000000000000497,E,Component Standard 3381
000000000000000498,E,Tool Premium 2111
000000000000000499,E,Component Premium 8277
000000000000000500,E,Assembly Basic 9826
000000000000000501,E,Assembly Premium 5934
000000000000000502,E,System Basic 6726
000000000000000503,E,System Basic 4669
000000000000000504,E,Device Premium 1870
000000000000000505,E,Gadget Standard 8117
000000000000000506,E,System Plus 2305
000000000000000507,E,Widget Pro 965
000000000000000508,E,Gadget Premium 538
000000000000000509,E,Device Premium 5456
000000000000000510,E,Device Standard 1678
000000000000000511,E,Gadget Basic 8164
000000000000000512,E,System Plus 4909
000000000000000513,E,System Premium 8370
000000000000000514,E,Assembly Basic 5729
000000000000000515,E,Part Basic 389
000000000000000516,E,Widget Premium 2051
000000000000000517,E,Unit Premium 5253
000000000000000518,E,Unit Premium 7631
000000000000000519,E,Widget Pro 2997
000000000000000520,E,Part Standard 2789
000000000000000521,E,System Premium 2303
000000000000000522,E,Assembly Premium 8086
000000000000000523,E,Gadget Basic 8137
000000000000000524,E,Part Basic 9475
000000000000000525,E,System Premium 9311
000000000000000526,E,Device Basic 1013
000000000000000527,E,Unit Standard 8205
000000000000000528,E,Tool Premium 5879
000000000000000529,E,Assembly Standard 1106
000000000000000530,E,Widget Basic 839
000000000000000531,E,Device Standard 5815
000000000000000532,E,Tool Pro 5691
000000000000000533,E,Unit Pro 7114
000000000000000534,E,Module Standard 6849
000000000000000535,E,Module Pro 4101
000000000000000536,E,Component Plus 5213
000000000000000537,E,Tool Pro 1173
000000000000000538,E,Assembly Pro 5631
000000000000000539,E,Device Pro 8921
000000000000000540,E,Module Pro 7651
000000000000000541,E,Unit Basic 8533
000000000000000542,E,Unit Standard 434
000000000000000543,E,System Basic 464
000000000000000544,E,Module Premium 9444
000000000000000545,E,Unit Standard 9480
000000000000000546,E,Gadget Premium 1739
000000000000000547,E,Component Standard 8238
000000000000000548,E,Part Standard 2830
000000000000000549,E,Tool Standard 6052
000000000000000550,E,Unit Plus 8242
000000000000000551,E,Gadget Basic 3607
000000000000000552,E,Assembly Standard 878
000000000000000553,E,Assembly Basic 6686
000000000000000554,E,Component Basic 1606
000000000000000555,E,Tool Pro 9797
000000000000000556,E,Module Standard 1202
000000000000000557,E,Tool Basic 7886
000000000000000558,E,Unit Plus 5790
000000000000000559,E,Gadget Standard 8368
000000000000000560,E,Assembly Premium 8946
000000000000000561,E,Module Plus 6888
000000000000000562,E,Unit Standard 8543
000000000000000563,E,System Basic 3058
000000000000000564,E,Widget Basic 3156
000000000000000565,E,Tool Premium 3589
000000000000000566,E,System Standard 8828
000000000000000567,E,Tool Premium 9375
000000000000000568,E,Widget Basic 3387
000000000000000569,E,Module Premium 2520
000000000000000570,E,Component Plus 5019
000000000000000571,E,Unit Premium 5320
000000000000000572,E,Gadget Plus 6857
000000000000000573,E,Assembly Standard 2731
000000000000000574,E,Assembly Basic 3968
000000000000000575,E,Unit Plus 1960
000000000000000576,E,Device Plus 553
000000000000000577,E,Component Standard 7704
000000000000000578,E,System Basic 7245
000000000000000579,E,Unit Pro 3409
000000000000000580,E,Device Standard 2335
000000000000000581,E,Widget Standard 4651
000000000000000582,E,Part Plus 791
000000000000000583,E,System Pro 1006
000000000000000584,E,Gadget Standard 9956
000000000000000585,E,Assembly Pro 6768
000000000000000586,E,Module Pro 6602
000000000000000587,E,Device Plus 1933
000000000000000588,E,Tool Basic 2076
000000000000000589,E,Part Basic 8705
000000000000000590,E,Assembly Premium 1578
000000000000000591,E,Component Basic 2103
000000000000000592,E,Module Standard 9673
000000000000000593,E,Unit Plus 7028
000000000000000594,E,Component Plus 1850
000000000000000595,E,Device Plus 4598
000000000000000596,E,System Premium 4266
000000000000000597,E,Tool Pro 8134
000000000000000598,E,Part Standard 1950
000000000000000599,E,Module Basic 7043
000000000000000600,E,System Plus 4650
000000000000000601,E,Device Standard 7886
000000000000000602,E,Module Standard 445
000000000000000603,E,Tool Pro 995
000000000000000604,E,Component Standard 9155
000000000000000605,E,Unit Standard 6045
000000000000000606,E,Gadget Basic 3972
000000000000000607,E,System Premium 228
000000000000000608,E,Unit Standard 5029
000000000000000609,E,Gadget Plus 4972
000000000000000610,E,Component Plus 7290
000000000000000611,E,Module Premium 655
000000000000000612,E,Assembly Pro 8155
000000000000000613,E,System Premium 5551
000000000000000614,E,Unit Pro 2727
000000000000000615,E,Assembly Basic 1187
000000000000000616,E,Module Premium 9965
000000000000000617,E,Part Standard 7526
000000000000000618,E,Widget Pro 3110
000000000000000619,E,System Plus 150
000000000000000620,E,Unit Plus 5106
000000000000000621,E,Module Basic 1447
000000000000000622,E,Gadget Plus 4189
000000000000000623,E,Part Plus 9832
000000000000000624,E,Unit Standard 7497
000000000000000625,E,System Plus 4370
000000000000000626,E,Device Basic 5467
000000000000000627,E,Assembly Plus 1482
000000000000000628,E,Unit Standard 3080
000000000000000629,E,Unit Premium 9445
000000000000000630,E,Component Pro 476
000000000000000631,E,Part Basic 3847
000000000000000632,E,Gadget Premium 3348
000000000000000633,E,Assembly Plus 915
000000000000000634,E,Unit Basic 7127
000000000000000635,E,Tool Standard 2545
000000000000000636,E,Gadget Standard 2887
000000000000000637,E,Tool Pro 331
000000000000000638,E,Part Premium 7533
000000000000000639,E,System Pro 3777
000000000000000640,E,Component Plus 4461
000000000000000641,E,Assembly Premium 6359
000000000000000642,E,Device Premium 3485
000000000000000643,E,Tool Plus 4736
000000000000000644,E,Component Premium 3055
000000000000000645,E,Unit Plus 571
000000000000000646,E,Assembly Standard 3958
000000000000000647,E,Tool Premium 4168
000000000000000648,E,Module Basic 7606
000000000000000649,E,Gadget Pro 7782
000000000000000650,E,Device Standard 6613
000000000000000651,E,Component Premium 7035
000000000000000652,E,Tool Standard 1296
000000000000000653,E,Gadget Basic 1062
000000000000000654,E,Widget Standard 3947
000000000000000655,E,System Standard 9901
000000000000000656,E,Widget Pro 4255
000000000000000657,E,Part Basic 6341
000000000000000658,E,Assembly Premium 6176
000000000000000659,E,Device Basic 773
000000000000000660,E,Tool Plus 4364
000000000000000661,E,Device Basic 8174
000000000000000662,E,Module Premium 2261
000000000000000663,E,Gadget Standard 8790
000000000000000664,E,Unit Plus 4366
000000000000000665,E,Gadget Standard 823
000000000000000666,E,Device Premium 4703
000000000000000667,E,Module Premium 4735
000000000000000668,E,Assembly Basic 4421
000000000000000669,E,Part Standard 7239
000000000000000670,E,Device Standard 8149
000000000000000671,E,Device Basic 7308
000000000000000672,E,Widget Plus 2535
000000000000000673,E,Widget Plus 3100
000000000000000674,E,Widget Premium 4363
000000000000000675,E,Device Premium 7250
000000000000000676,E,Gadget Premium 768
000000000000000677,E,System Standard 9289
000000000000000678,E,System Premium 8177
000000000000000679,E,Gadget Plus 2125
000000000000000680,E,Module Pro 3437
000000000000000681,E,Assembly Plus 2857
000000000000000682,E,Part Standard 9328
000000000000000683,E,Tool Plus 9660
000000000000000684,E,Widget Basic 9451
000000000000000685,E,Device Premium 1358
000000000000000686,E,Component Premium 1645
000000000000000687,E,Module Pro 4757
000000000000000688,E,Gadget Premium 6220
000000000000000689,E,Tool Pro 5400
000000000000000690,E,Device Pro 1428
000000000000000691,E,System Premium 7539
000000000000000692,E,Assembly Basic 195
000000000000000693,E,Module Pro 7523
000000000000000694,E,Module Basic 2218
000000000000000695,E,Component Pro 4735
000000000000000696,E,Module Pro 1258
000000000000000697,E,Part Basic 6348
000000000000000698,E,Gadget Premium 4280
000000000000000699,E,Device Plus 6635
000000000000000700,E,Gadget Pro 3511
000000000000000701,E,Device Premium 6692
000000000000000702,E,Assembly Plus 2075
000000000000000703,E,Assembly Premium 7183
000000000000000704,E,Assembly Basic 2251
000000000000000705,E,Module Pro 6120
000000000000000706,E,Part Plus 8121
000000000000000707,E,System Premium 7905
000000000000000708,E,Assembly Basic 9935
000000000000000709,E,Unit Pro 7022
000000000000000710,E,Module Basic 3153
000000000000000711,E,Unit Premium 1622
000000000000000712,E,Widget Basic 5699
000000000000000713,E,System Plus 2640
000000000000000714,E,System Basic 8696
000000000000000715,E,Gadget Standard 7771
000000000000000716,E,Unit Pro 7925
000000000000000717,E,Assembly Plus 2193
000000000000000718,E,Assembly Plus 8670
000000000000000719,E,Unit Standard 9414
000000000000000720,E,Widget Basic 1353
000000000000000721,E,Widget Basic 1863
000000000000000722,E,Part Premium 6866
000000000000000723,E,Gadget Premium 9413
000000000000000724,E,Assembly Standard 4275
000000000000000725,E,Tool Pro 8348
000000000000000726,E,Widget Pro 7683
000000000000000727,E,Device Plus 6538
000000000000000728,E,Widget Pro 6919
000000000000000729,E,Assembly Standard 9720
000000000000000730,E,System Premium 4442
000000000000000731,E,Module Plus 3558
000000000000000732,E,Device Pro 9996
000000000000000733,E,Assembly Pro 7207
000000000000000734,E,Part Pro 195
000000000000000735,E,Unit Pro 317
000000000000000736,E,Device Premium 7639
000000000000000737,E,Unit Basic 8074
000000000000000738,E,Assembly Basic 6010
000000000000000739,E,Unit Standard 1535
000000000000000740,E,Device Plus 327
000000000000000741,E,Component Pro 360
000000000000000742,E,Component Pro 3528
000000000000000743,E,System Plus 4061
000000000000000744,E,Unit Basic 3227
000000000000000745,E,Gadget Standard 7692
000000000000000746,E,Device Premium 7012
000000000000000747,E,Widget Pro 2821
000000000000000748,E,Device Premium 8047
000000000000000749,E,System Pro 7464
000000000000000750,E,Tool Plus 3398
000000000000000751,E,Assembly Basic 6518
000000000000000752,E,Widget Standard 229
000000000000000753,E,Gadget Premium 6910
000000000000000754,E,System Basic 9862
000000000000000755,E,Part Standard 706
000000000000000756,E,System Premium 8064
000000000000000757,E,Part Basic 8093
000000000000000758,E,Component Pro 8755
000000000000000759,E,Widget Premium 9543
000000000000000760,E,Module Basic 1140
000000000000000761,E,Assembly Premium 7855
000000000000000762,E,Gadget Premium 5781
000000000000000763,E,System Premium 440
000000000000000764,E,Device Standard 3249
000000000000000765,E,System Standard 7278
000000000000000766,E,Component Basic 3699
000000000000000767,E,Tool Standard 9964
000000000000000768,E,System Plus 4906
000000000000000769,E,Unit Premium 6002
000000000000000770,E,System Plus 3494
000000000000000771,E,Assembly Pro 8011
000000000000000772,E,Device Plus 3368
000000000000000773,E,Device Basic 8163
000000000000000774,E,Gadget Premium 8189
000000000000000775,E,Assembly Plus 3531
000000000000000776,E,Part Pro 397
000000000000000777,E,Module Standard 5949
000000000000000778,E,Device Plus 8348
000000000000000779,E,Widget Pro 5633
000000000000000780,E,Unit Pro 3814
000000000000000781,E,Gadget Basic 3771
000000000000000782,E,System Standard 5675
000000000000000783,E,Module Pro 9226
000000000000000784,E,Assembly Plus 8544
000000000000000785,E,Tool Pro 926
000000000000000786,E,System Premium 1917
000000000000000787,E,Gadget Basic 1769
000000000000000788,E,Part Pro 8411
000000000000000789,E,Gadget Plus 2034
000000000000000790,E,Component Standard 2672
000000000000000791,E,Assembly Premium 8388
000000000000000792,E,System Pro 2627
000000000000000793,E,Module Standard 2357
000000000000000794,E,Gadget Plus 7294
000000000000000795,E,Unit Pro 4119
000000000000000796,E,System Standard 4798
000000000000000797,E,Part Plus 1496
000000000000000798,E,Assembly Standard 6899
000000000000000799,E,Module Plus 2583
000000000000000800,E,Part Premium 3838
000000000000000801,E,Device Premium 6873
000000000000000802,E,Unit Premium 8556
000000000000000803,E,Module Pro 7351
000000000000000804,E,Device Pro 8576
000000000000000805,E,Gadget Pro 5642
000000000000000806,E,Module Premium 2792
000000000000000807,E,Unit Pro 6543
000000000000000808,E,Widget Plus 9513
000000000000000809,E,Widget Basic 4945
000000000000000810,E,Unit Premium 9170
000000000000000811,E,Assembly Standard 5738
000000000000000812,E,Widget Standard 8747
000000000000000813,E,Tool Plus 6718
000000000000000814,E,System Plus 9019
000000000000000815,E,Tool Basic 7344
000000000000000816,E,Module Premium 3332
000000000000000817,E,Assembly Pro 705
000000000000000818,E,Part Standard 6489
000000000000000819,E,Device Basic 8960
000000000000000820,E,Assembly Plus 1620
000000000000000821,E,Part Basic 5215
000000000000000822,E,Part Standard 2721
000000000000000823,E,Widget Pro 8946
000000000000000824,E,Tool Standard 4054
000000000000000825,E,Assembly Premium 8378
000000000000000826,E,Gadget Pro 6210
000000000000000827,E,Assembly Basic 5907
000000000000000828,E,Gadget Pro 2143
000000000000000829,E,System Standard 9478
000000000000000830,E,Widget Premium 5653
000000000000000831,E,Component Basic 9366
000000000000000832,E,Part Basic 3931
000000000000000833,E,Module Standard 4761
000000000000000834,E,Tool Plus 6287
000000000000000835,E,Part Plus 1824
000000000000000836,E,Module Basic 9641
000000000000000837,E,Component Standard 7543
000000000000000838,E,Gadget Plus 7074
000000000000000839,E,Unit Pro 1611
000000000000000840,E,Widget Premium 2230
000000000000000841,E,System Plus 7409
000000000000000842,E,Gadget Standard 8722
000000000000000843,E,Unit Basic 9258
000000000000000844,E,Part Premium 4420
000000000000000845,E,Tool Premium 7037
000000000000000846,E,System Premium 6930
000000000000000847,E,Device Plus 8386
000000000000000848,E,Device Premium 7599
000000000000000849,E,Device Basic 8769
000000000000000850,E,Gadget Plus 7561
000000000000000851,E,System Pro 2669
000000000000000852,E,Part Standard 2045
000000000000000853,E,Tool Premium 1907
000000000000000854,E,Gadget Standard 9467
000000000000000855,E,Assembly Pro 8665
000000000000000856,E,Device Pro 6186
000000000000000857,E,Assembly Standard 5068
000000000000000858,E,Assembly Premium 558
000000000000000859,E,Device Plus 9760
000000000000000860,E,Unit Pro 5099
000000000000000861,E,Assembly Plus 3099
000000000000000862,E,System Pro 2104
000000000000000863,E,Part Standard 1206
000000000000000864,E,Widget Premium 7983
000000000000000865,E,Tool Standard 9369
000000000000000866,E,System Standard 6281
000000000000000867,E,System Basic 2275
000000000000000868,E,Device Basic 7651
000000000000000869,E,System Premium 2540
000000000000000870,E,Module Pro 6811
000000000000000871,E,Unit Plus 6578
000000000000000872,E,Module Basic 850
000000000000000873,E,System Standard 1550
000000000000000874,E,Device Pro 9471
000000000000000875,E,Assembly Basic 2128
000000000000000876,E,Part Pro 3252
000000000000000877,E,Tool Basic 9551
000000000000000878,E,Widget Basic 8648
000000000000000879,E,Component Premium 8335
000000000000000880,E,Widget Pro 8813
000000000000000881,E,Device Pro 4604
000000000000000882,E,Component Plus 9595
000000000000000883,E,System Pro 8841
000000000000000884,E,Tool Standard 6683
000000000000000885,E,Tool Pro 8152
000000000000000886,E,Widget Standard 7260
000000000000000887,E,Device Premium 494
000000000000000888,E,Part Standard 6358
000000000000000889,E,Assembly Pro 1978
000000000000000890,E,Gadget Basic 2855
000000000000000891,E,Assembly Plus 3092
000000000000000892,E,Assembly Pro 2626
000000000000000893,E,Assembly Premium 2872
000000000000000894,E,Widget Basic 5429
000000000000000895,E,Device Pro 1058
000000000000000896,E,Assembly Premium 1717
000000000000000897,E,Module Plus 6863
000000000000000898,E,Module Standard 6252
000000000000000899,E,Gadget Pro 3418
000000000000000900,E,Component Basic 9701
000000000000000901,E,Component Premium 8433
000000000000000902,E,Part Premium 1985
000000000000000903,E,Assembly Pro 5315
000000000000000904,E,System Basic 6769
000000000000000905,E,Gadget Premium 573
000000000000000906,E,Unit Plus 405
000000000000000907,E,Assembly Basic 9703
000000000000000908,E,Gadget Plus 9188
000000000000000909,E,Device Standard 9410
000000000000000910,E,Unit Premium 1474
000000000000000911,E,Part Plus 2432
000000000000000912,E,Module Basic 2855
000000000000000913,E,Component Basic 7042
000000000000000914,E,Part Premium 784
000000000000000915,E,Widget Premium 4839
000000000000000916,E,Device Pro 1085
000000000000000917,E,System Standard 9895
000000000000000918,E,Assembly Premium 5857
000000000000000919,E,Component Basic 8461
000000000000000920,E,Assembly Pro 2744
000000000000000921,E,Part Basic 1245
000000000000000922,E,Assembly Pro 6576
000000000000000923,E,Gadget Plus 9217
000000000000000924,E,Assembly Premium 3554
000000000000000925,E,Tool Basic 5315
000000000000000926,E,Module Standard 7517
000000000000000927,E,Assembly Plus 5369
000000000000000928,E,Module Plus 7633
000000000000000929,E,Tool Standard 360
000000000000000930,E,Device Pro 7907
000000000000000931,E,Widget Pro 2943
000000000000000932,E,Unit Basic 8111
000000000000000933,E,Unit Basic 1429
000000000000000934,E,Gadget Basic 607
000000000000000935,E,System Pro 5883
000000000000000936,E,Unit Basic 5964
000000000000000937,E,Unit Plus 238
000000000000000938,E,Gadget Premium 6169
000000000000000939,E,Component Premium 253
000000000000000940,E,Component Pro 4706
000000000000000941,E,Module Plus 1574
000000000000000942,E,Tool Standard 3723
000000000000000943,E,Component Premium 6047
000000000000000944,E,Widget Standard 8174
000000000000000945,E,Tool Plus 216
000000000000000946,E,Component Premium 1917
000000000000000947,E,Assembly Basic 8297
000000000000000948,E,System Plus 9140
000000000000000949,E,Component Basic 9979
000000000000000950,E,Tool Plus 1170
000000000000000951,E,Tool Plus 1165
000000000000000952,E,Device Standard 9437
000000000000000953,E,Component Basic 4594
000000000000000954,E,Component Pro 8831
000000000000000955,E,Tool Standard 9276
000000000000000956,E,System Pro 7097
000000000000000957,E,Widget Standard 7186
000000000000000958,E,Unit Standard 2094
000000000000000959,E,Part Premium 8219
000000000000000960,E,Module Basic 812
000000000000000961,E,Component Pro 4653
000000000000000962,E,Unit Basic 7454
000000000000000963,E,Module Pro 6520
000000000000000964,E,Component Standard 1440
000000000000000965,E,Tool Pro 3796
000000000000000966,E,Unit Pro 4195
000000000000000967,E,Component Plus 5494
000000000000000968,E,Assembly Pro 1684
000000000000000969,E,Widget Premium 7177
000000000000000970,E,Widget Basic 5577
000000000000000971,E,Assembly Plus 1866
000000000000000972,E,System Plus 5683
000000000000000973,E,Widget Standard 8614
000000000000000974,E,Component Pro 9929
000000000000000975,E,Tool Premium 1667
000000000000000976,E,System Basic 2145
000000000000000977,E,Gadget Pro 646
000000000000000978,E,Unit Standard 1165
000000000000000979,E,Device Pro 7340
000000000000000980,E,Widget Standard 7175
000000000000000981,E,Gadget Pro 1014
000000000000000982,E,Part Pro 4931
000000000000000983,E,Unit Premium 1670
000000000000000984,E,Tool Premium 3919
000000000000000985,E,Tool Basic 273
000000000000000986,E,System Premium 7705
000000000000000987,E,Unit Basic 1759
000000000000000988,E,Module Pro 7539
000000000000000989,E,Part Standard 9730
000000000000000990,E,Component Pro 1782
000000000000000991,E,Widget Basic 1206
000000000000000992,E,Tool Plus 9491
000000000000000993,E,Device Basic 4298
000000000000000994,E,Module Premium 7987
000000000000000995,E,Tool Premium 3146
000000000000000996,E,Component Plus 822
000000000000000997,E,Widget Plus 5206
000000000000000998,E,Tool Premium 8507
000000000000000999,E,Module Standard 9662
000000000000001000,E,Part Plus 2515
000000000000001001,E,System Standard 9984
000000000000001002,E,Module Standard 6142
000000000000001003,E,Widget Basic 9708
000000000000001004,E,Device Pro 3989
000000000000001005,E,Part Basic 994
000000000000001006,E,Unit Standard 3301
000000000000001007,E,Component Plus 1220
000000000000001008,E,Module Plus 7894
000000000000001009,E,System Basic 5525
000000000000001010,E,Tool Basic 5599
000000000000001011,E,Tool Standard 6959
000000000000001012,E,Module Plus 1817
000000000000001013,E,System Pro 8225
000000000000001014,E,Component Pro 3754
000000000000001015,E,Component Premium 3592
000000000000001016,E,Component Premium 5531
000000000000001017,E,Unit Plus 6658
000000000000001018,E,Device Pro 6044
000000000000001019,E,Widget Pro 5963
000000000000001020,E,Widget Basic 1987
000000000000001021,E,Device Standard 7315
000000000000001022,E,Component Basic 5996
000000000000001023,E,Widget Pro 3362
000000000000001024,E,Component Standard 2953
000000000000001025,E,Component Standard 2955
000000000000001026,E,Module Basic 4129
000000000000001027,E,Device Plus 452
000000000000001028,E,Device Standard 1757
000000000000001029,E,Widget Plus 6308
000000000000001030,E,Gadget Standard 3544
000000000000001031,E,Assembly Premium 4034
000000000000001032,E,Module Standard 2907
000000000000001033,E,Part Basic 7206
000000000000001034,E,Gadget Pro 2466
000000000000001035,E,Device Plus 3240
000000000000001036,E,Part Premium 6231
000000000000001037,E,Module Basic 7137
000000000000001038,E,Component Pro 9722
000000000000001039,E,Component Basic 4919
000000000000001040,E,Device Standard 4149
000000000000001041,E,Widget Standard 2171
000000000000001042,E,Part Basic 8111
000000000000001043,E,Component Pro 7811
000000000000001044,E,Tool Pro 2843
000000000000001045,E,Part Premium 8442
000000000000001046,E,Module Premium 8601
000000000000001047,E,System Plus 5372
000000000000001048,E,Module Basic 8018
000000000000001049,E,System Premium 4496
000000000000001050,E,Tool Premium 9667
000000000000001051,E,Widget Plus 3696
000000000000001052,E,Component Premium 3940
000000000000001053,E,Unit Plus 5113
000000000000001054,E,Unit Premium 9461
000000000000001055,E,Device Standard 4270
000000000000001056,E,Part Pro 2300
000000000000001057,E,Gadget Standard 7382
000000000000001058,E,Part Standard 3871
000000000000001059,E,Tool Pro 7722
000000000000001060,E,Part Basic 5611
000000000000001061,E,Unit Premium 7760
000000000000001062,E,Unit Premium 6121
000000000000001063,E,System Standard 4573
000000000000001064,E,Unit Pro 3042
000000000000001065,E,System Plus 4451
000000000000001066,E,Gadget Standard 1450
000000000000001067,E,Assembly Basic 8501
000000000000001068,E,Part Pro 4628
000000000000001069,E,Component Pro 2042
000000000000001070,E,Gadget Standard 727
000000000000001071,E,Part Plus 5568
000000000000001072,E,Component Standard 4196
000000000000001073,E,Assembly Standard 3223
000000000000001074,E,Tool Plus 8998
000000000000001075,E,Assembly Pro 5006
000000000000001076,E,Assembly Standard 6716
000000000000001077,E,Unit Basic 294
000000000000001078,E,System Basic 2545
000000000000001079,E,Unit Plus 3817
000000000000001080,E,Component Premium 3929
000000000000001081,E,Part Basic 9154
000000000000001082,E,System Premium 5681
000000000000001083,E,Gadget Standard 3177
000000000000001084,E,Unit Premium 3533
000000000000001085,E,System Premium 9249
000000000000001086,E,Widget Standard 2376
000000000000001087,E,Tool Plus 5106
000000000000001088,E,Widget Premium 5910
000000000000001089,E,Module Plus 6967
000000000000001090,E,Unit Premium 8908
000000000000001091,E,Assembly Standard 9716
000000000000001092,E,Widget Basic 627
000000000000001093,E,Device Plus 5510
000000000000001094,E,Tool Basic 9502
000000000000001095,E,Unit Premium 3445
000000000000001096,E,Unit Pro 8857
000000000000001097,E,Unit Plus 7878
000000000000001098,E,Gadget Standard 9430
000000000000001099,E,System Standard 1627
000000000000001100,E,Device Pro 9158
000000000000001101,E,Device Pro 9985
000000000000001102,E,System Pro 3158
000000000000001103,E,Component Pro 6422
000000000000001104,E,Assembly Plus 3918
000000000000001105,E,Assembly Basic 1246
000000000000001106,E,System Pro 6139
000000000000001107,E,Part Pro 2915
000000000000001108,E,Module Premium 6507
000000000000001109,E,Device Pro 2215
000000000000001110,E,Part Premium 7935
000000000000001111,E,Gadget Premium 3482
000000000000001112,E,Device Plus 5175
000000000000001113,E,Unit Premium 2701
000000000000001114,E,Tool Basic 5184
000000000000001115,E,Tool Plus 8332
000000000000001116,E,System Standard 3404
000000000000001117,E,Widget Plus 7402
000000000000001118,E,Gadget Premium 4144
000000000000001119,E,Part Standard 9426
000000000000001120,E,System Premium 7680
000000000000001121,E,Tool Pro 1592
000000000000001122,E,Assembly Premium 5781
000000000000001123,E,Assembly Premium 2969
000000000000001124,E,Unit Plus 3042
000000000000001125,E,Tool Premium 7601
000000000000001126,E,Unit Plus 9416
000000000000001127,E,Gadget Premium 815
000000000000001128,E,Component Plus 4585
000000000000001129,E,Part Standard 1193
000000000000001130,E,Component Premium 6838
000000000000001131,E,Part Pro 6141
000000000000001132,E,Gadget Pro 8364
000000000000001133,E,Module Premium 7488
000000000000001134,E,Device Standard 3497
000000000000001135,E,Part Pro 7672
000000000000001136,E,Widget Pro 7667
000000000000001137,E,Unit Standard 6642
000000000000001138,E,Component Premium 718
000000000000001139,E,Widget Standard 1978
000000000000001140,E,Device Standard 7706
000000000000001141,E,System Premium 1217
000000000000001142,E,Gadget Basic 4069
000000000000001143,E,System Plus 7813
000000000000001144,E,Assembly Plus 2894
000000000000001145,E,Widget Basic 1746
000000000000001146,E,Device Standard 2134
000000000000001147,E,Part Premium 2859
000000000000001148,E,Gadget Pro 4576
000000000000001149,E,Device Premium 5966
000000000000001150,E,Device Plus 664
000000000000001151,E,Part Plus 7342
000000000000001152,E,Widget Basic 1784
000000000000001153,E,Unit Standard 7374
000000000000001154,E,Widget Basic 176
000000000000001155,E,Widget Premium 3405
000000000000001156,E,Component Standard 4008
000000000000001157,E,Component Pro 362
000000000000001158,E,Unit Pro 338
000000000000001159,E,Module Plus 1135
000000000000001160,E,Component Pro 2850
000000000000001161,E,Device Pro 6910
000000000000001162,E,Part Pro 5459
000000000000001163,E,Module Basic 3205
000000000000001164,E,Tool Plus 8975
000000000000001165,E,Unit Premium 2079
000000000000001166,E,Component Plus 1834
000000000000001167,E,Module Standard 2944
000000000000001168,E,Widget Premium 5281
000000000000001169,E,Widget Premium 3585
000000000000001170,E,System Plus 1181
000000000000001171,E,Assembly Basic 6145
000000000000001172,E,Widget Pro 3680
000000000000001173,E,Unit Standard 9911
000000000000001174,E,System Pro 8884
000000000000001175,E,Tool Plus 4227
000000000000001176,E,Gadget Basic 5414
000000000000001177,E,Unit Plus 5540
000000000000001178,E,Device Standard 7999
000000000000001179,E,Gadget Standard 389
000000000000001180,E,Tool Basic 7454
000000000000001181,E,Unit Basic 3908
000000000000001182,E,Part Basic 317
000000000000001183,E,Component Pro 2132
000000000000001184,E,Assembly Plus 7120
000000000000001185,E,Component Basic 1400
000000000000001186,E,Widget Plus 6236
000000000000001187,E,System Standard 3409
000000000000001188,E,Device Premium 3448
000000000000001189,E,Widget Plus 9898
000000000000001190,E,System Standard 2299
000000000000001191,E,Assembly Standard 748
000000000000001192,E,Part Premium 4826
000000000000001193,E,Widget Plus 5527
000000000000001194,E,Module Plus 3472
000000000000001195,E,Part Pro 4168
000000000000001196,E,Component Basic 6350
000000000000001197,E,Part Standard 3107
000000000000001198,E,System Pro 1158
000000000000001199,E,System Pro 3253
000000000000001200,E,Widget Plus 3445
000000000000001201,E,Device Pro 2945
000000000000001202,E,Tool Basic 3448
000000000000001203,E,Component Basic 1380
000000000000001204,E,Unit Premium 5203
000000000000001205,E,Device Plus 4112
000000000000001206,E,Unit Plus 4179
000000000000001207,E,Assembly Standard 9544
000000000000001208,E,System Plus 4554
000000000000001209,E,System Pro 5991
000000000000001210,E,Unit Premium 2848
000000000000001211,E,System Premium 7025
000000000000001212,E,Part Basic 7201
000000000000001213,E,Device Premium 424
000000000000001214,E,Unit Premium 1463
000000000000001215,E,Assembly Basic 8901
000000000000001216,E,Device Basic 2978
000000000000001217,E,Assembly Premium 7696
000000000000001218,E,Assembly Premium 4740
000000000000001219,E,Unit Basic 7978
000000000000001220,E,Gadget Standard 2338
000000000000001221,E,System Plus 2635
000000000000001222,E,Component Pro 310
000000000000001223,E,Part Standard 8151
000000000000001224,E,Unit Premium 6565
000000000000001225,E,Module Premium 8120
000000000000001226,E,Assembly Basic 1267
000000000000001227,E,Unit Pro 2139
000000000000001228,E,Unit Basic 2760
000000000000001229,E,Component Premium 4282
000000000000001230,E,Module Basic 8105
000000000000001231,E,Module Pro 6413
000000000000001232,E,Unit Plus 4070
000000000000001233,E,System Pro 6021
000000000000001234,E,Widget Plus 4381
000000000000001235,E,Tool Premium 2514
000000000000001236,E,Assembly Plus 9965
000000000000001237,E,Tool Plus 302
000000000000001238,E,Gadget Pro 6397
000000000000001239,E,Unit Basic 1416
000000000000001240,E,Part Plus 7029
000000000000001241,E,Device Premium 4243
000000000000001242,E,Assembly Basic 8835
000000000000001243,E,Unit Basic 5145
000000000000001244,E,Unit Pro 1890
000000000000001245,E,Tool Standard 2438
000000000000001246,E,Assembly Plus 6620
000000000000001247,E,Assembly Pro 2859
000000000000001248,E,System Pro 1687
000000000000001249,E,Gadget Premium 8700
000000000000001250,E,Unit Standard 7160
000000000000001251,E,Device Plus 6238
000000000000001252,E,Device Plus 3344
000000000000001253,E,System Plus 8334
000000000000001254,E,Gadget Premium 9391
000000000000001255,E,Component Plus 3392
000000000000001256,E,Widget Plus 3243
000000000000001257,E,Assembly Premium 7320
000000000000001258,E,Tool Pro 2821
000000000000001259,E,Gadget Standard 1504
000000000000001260,E,Unit Pro 4634
000000000000001261,E,Gadget Standard 586
000000000000001262,E,Tool Plus 7929
000000000000001263,E,System Pro 255
000000000000001264,E,Widget Standard 218
000000000000001265,E,Tool Pro 1686
000000000000001266,E,Component Basic 218
000000000000001267,E,Unit Basic 8620
000000000000001268,E,Assembly Premium 7853
000000000000001269,E,Module Basic 7136
000000000000001270,E,Module Standard 5720
000000000000001271,E,Module Plus 6018
000000000000001272,E,Unit Premium 1037
000000000000001273,E,Module Standard 1741
000000000000001274,E,Widget Premium 6683
000000000000001275,E,Device Pro 9961
000000000000001276,E,Gadget Basic 4678
000000000000001277,E,Component Standard 7504
000000000000001278,E,Tool Premium 8536
000000000000001279,E,Unit Plus 151
000000000000001280,E,Module Pro 6001
000000000000001281,E,Widget Standard 7379
000000000000001282,E,Component Basic 8038
000000000000001283,E,Unit Basic 1433
000000000000001284,E,Module Premium 7900
000000000000001285,E,Gadget Premium 4914
000000000000001286,E,Tool Plus 2445
000000000000001287,E,Part Basic 8367
000000000000001288,E,Widget Plus 8258
000000000000001289,E,Gadget Standard 9090
000000000000001290,E,System Plus 7411
000000000000001291,E,Gadget Premium 8958
000000000000001292,E,Component Plus 3567
000000000000001293,E,Device Pro 1828
000000000000001294,E,Unit Pro 2725
000000000000001295,E,Module Premium 4693
000000000000001296,E,Component Standard 7903
000000000000001297,E,Gadget Plus 8857
000000000000001298,E,System Pro 5552
000000000000001299,E,Component Basic 9941
000000000000001300,E,Gadget Standard 6276
000000000000001301,E,Unit Basic 7259
000000000000001302,E,Component Plus 4344
000000000000001303,E,Gadget Standard 1536
000000000000001304,E,Gadget Pro 5674
000000000000001305,E,Tool Plus 2002
000000000000001306,E,Tool Standard 2187
000000000000001307,E,Module Premium 9552
000000000000001308,E,Widget Standard 1113
000000000000001309,E,Tool Basic 3210
000000000000001310,E,Unit Premium 5337
000000000000001311,E,Module Plus 8615
000000000000001312,E,Tool Basic 3739
000000000000001313,E,Gadget Premium 250
000000000000001314,E,Part Premium 5276
000000000000001315,E,Device Standard 3686
000000000000001316,E,System Premium 2515
000000000000001317,E,Tool Standard 2489
000000000000001318,E,Widget Basic 5345
000000000000001319,E,Assembly Basic 2122
000000000000001320,E,Assembly Basic 7936
000000000000001321,E,Component Premium 4875
000000000000001322,E,Unit Pro 5558
000000000000001323,E,Device Plus 3787
000000000000001324,E,Widget Plus 8087
000000000000001325,E,Unit Standard 2708
000000000000001326,E,Widget Basic 6527
000000000000001327,E,Module Premium 7856
000000000000001328,E,Module Premium 6507
000000000000001329,E,Gadget Basic 4737
000000000000001330,E,Assembly Plus 9078
000000000000001331,E,Unit Pro 2244
000000000000001332,E,Module Basic 986
000000000000001333,E,Assembly Premium 2781
000000000000001334,E,Tool Plus 7339
000000000000001335,E,System Standard 2472
000000000000001336,E,Component Plus 3305
000000000000001337,E,Widget Standard 9531
000000000000001338,E,Gadget Plus 6269
000000000000001339,E,Unit Plus 1022
000000000000001340,E,Gadget Standard 7863
000000000000001341,E,Device Pro 2022
000000000000001342,E,Part Standard 9822
000000000000001343,E,Unit Plus 6719
000000000000001344,E,Component Pro 2046
000000000000001345,E,Component Premium 8105
000000000000001346,E,Assembly Basic 2926
000000000000001347,E,Unit Pro 7696
000000000000001348,E,Unit Standard 7392
000000000000001349,E,Module Pro 2066
000000000000001350,E,Gadget Pro 2099
000000000000001351,E,System Basic 3785
000000000000001352,E,Widget Basic 9487
000000000000001353,E,Tool Premium 4584
000000000000001354,E,Gadget Basic 3067
000000000000001355,E,Unit Premium 7205
000000000000001356,E,Assembly Basic 2151
000000000000001357,E,Gadget Standard 1140
000000000000001358,E,Part Plus 6740
000000000000001359,E,Widget Premium 9210
000000000000001360,E,Part Basic 8104
000000000000001361,E,Gadget Basic 9680
000000000000001362,E,Part Pro 3499
000000000000001363,E,Gadget Plus 9915
000000000000001364,E,Device Pro 9188
000000000000001365,E,System Standard 2115
000000000000001366,E,Widget Plus 9522
000000000000001367,E,Component Plus 1538
000000000000001368,E,Part Standard 673
000000000000001369,E,Gadget Pro 8392
000000000000001370,E,Assembly Standard 9019
000000000000001371,E,Device Premium 101
000000000000001372,E,Component Standard 856
000000000000001373,E,Part Standard 8850
000000000000001374,E,System Plus 9554
000000000000001375,E,System Standard 8663
000000000000001376,E,Module Basic 8918
000000000000001377,E,Part Plus 1722
000000000000001378,E,Widget Plus 701
000000000000001379,E,Component Plus 5010
000000000000001380,E,Component Plus 9965
000000000000001381,E,Part Plus 9795
000000000000001382,E,Module Standard 2205
000000000000001383,E,Tool Premium 1318
000000000000001384,E,Part Standard 4370
000000000000001385,E,Unit Plus 6654
000000000000001386,E,System Pro 4264
000000000000001387,E,Unit Plus 8880
000000000000001388,E,Component Pro 4513
000000000000001389,E,Component Standard 9334
000000000000001390,E,Part Basic 2787
000000000000001391,E,Unit Plus 5283
000000000000001392,E,Unit Premium 524
000000000000001393,E,Tool Plus 1370
000000000000001394,E,Assembly Pro 8807
000000000000001395,E,Gadget Basic 6764
000000000000001396,E,Gadget Standard 1557
000000000000001397,E,Module Standard 4576
000000000000001398,E,Device Plus 4583
000000000000001399,E,Widget Pro 6279
000000000000001400,E,Component Premium 1820
000000000000001401,E,Gadget Plus 8725
000000000000001402,E,Assembly Basic 8121
000000000000001403,E,Gadget Basic 5816
000000000000001404,E,Tool Standard 9136
000000000000001405,E,Assembly Basic 1723
000000000000001406,E,Widget Plus 5310
000000000000001407,E,Unit Plus 5755
000000000000001408,E,Part Basic 9842
000000000000001409,E,Unit Premium 9804
000000000000001410,E,Device Standard 255
000000000000001411,E,Part Plus 2170
000000000000001412,E,Device Premium 9398
000000000000001413,E,Assembly Pro 6164
000000000000001414,E,Component Basic 6952
000000000000001415,E,System Plus 7291
000000000000001416,E,Module Premium 8328
000000000000001417,E,Assembly Standard 7108
000000000000001418,E,Part Plus 5100
000000000000001419,E,Gadget Standard 6760
000000000000001420,E,Module Pro 1402
000000000000001421,E,Gadget Plus 1634
000000000000001422,E,Device Basic 1040
000000000000001423,E,Gadget Standard 9179
000000000000001424,E,System Pro 7046
000000000000001425,E,Part Plus 7958
000000000000001426,E,System Basic 8822
000000000000001427,E,Gadget Premium 327
000000000000001428,E,Tool Plus 219
000000000000001429,E,Unit Basic 5753
000000000000001430,E,Component Basic 793
000000000000001431,E,Tool Premium 2861
000000000000001432,E,Part Plus 2964
000000000000001433,E,Gadget Standard 2284
000000000000001434,E,Part Standard 934
000000000000001435,E,Unit Premium 6311
000000000000001436,E,Device Standard 1955
000000000000001437,E,Module Plus 8932
000000000000001438,E,Gadget Standard 5001
000000000000001439,E,System Standard 4437
000000000000001440,E,Component Pro 9419
000000000000001441,E,Unit Plus 5094
000000000000001442,E,Part Pro 7686
000000000000001443,E,Tool Premium 1042
000000000000001444,E,Module Pro 7642
000000000000001445,E,Module Standard 5898
000000000000001446,E,Gadget Pro 5829
000000000000001447,E,Device Premium 5908
000000000000001448,E,Widget Pro 7158
000000000000001449,E,System Plus 1488
000000000000001450,E,Part Basic 2618
000000000000001451,E,Unit Pro 8085
000000000000001452,E,Widget Plus 4198
000000000000001453,E,Component Premium 6577
000000000000001454,E,Module Standard 6071
000000000000001455,E,Unit Plus 8888
000000000000001456,E,Assembly Pro 7285
000000000000001457,E,System Plus 2391
000000000000001458,E,Module Premium 195
000000000000001459,E,Module Plus 1913
000000000000001460,E,Component Standard 759
000000000000001461,E,Device Premium 6998
000000000000001462,E,Module Pro 2726
000000000000001463,E,Component Premium 4454
000000000000001464,E,Gadget Premium 8112
000000000000001465,E,Part Premium 2187
000000000000001466,E,Module Premium 8322
000000000000001467,E,Unit Plus 1897
000000000000001468,E,Gadget Pro 2166
000000000000001469,E,Device Standard 8292
000000000000001470,E,Widget Plus 952
000000000000001471,E,Module Premium 9882
000000000000001472,E,Widget Premium 7967
000000000000001473,E,Assembly Standard 8061
000000000000001474,E,Gadget Premium 4159
000000000000001475,E,Tool Plus 8476
000000000000001476,E,Device Plus 4706
000000000000001477,E,Gadget Standard 4152
000000000000001478,E,Unit Plus 7864
000000000000001479,E,Gadget Basic 3068
000000000000001480,E,Component Basic 2536
000000000000001481,E,Component Pro 2267
000000000000001482,E,Unit Pro 4586
000000000000001483,E,Component Plus 7084
000000000000001484,E,Widget Basic 3370
000000000000001485,E,Gadget Pro 6331
000000000000001486,E,Unit Basic 5120
000000000000001487,E,Component Plus 5607
000000000000001488,E,Unit Premium 1105
000000000000001489,E,Part Premium 946
000000000000001490,E,Assembly Pro 4511
000000000000001491,E,Module Standard 5851
000000000000001492,E,Unit Plus 5340
000000000000001493,E,Widget Plus 769
000000000000001494,E,Widget Pro 5369
000000000000001495,E,Component Standard 7834
000000000000001496,E,Assembly Basic 1750
000000000000001497,E,Unit Plus 4233
000000000000001498,E,System Standard 5576
000000000000001499,E,Assembly Pro 1687
000000000000001500,E,Widget Basic 2234
000000000000001501,E,Module Standard 6020
000000000000001502,E,Tool Basic 6188
000000000000001503,E,Component Standard 3541
000000000000001504,E,Tool Premium 1529
000000000000001505,E,Gadget Plus 9960
000000000000001506,E,Gadget Pro 9710
000000000000001507,E,Component Plus 7403
000000000000001508,E,Gadget Pro 9055
000000000000001509,E,Tool Standard 5039
000000000000001510,E,System Plus 8841
000000000000001511,E,Device Pro 2194
000000000000001512,E,Component Premium 9119
000000000000001513,E,Assembly Basic 5790
000000000000001514,E,Module Premium 2023
000000000000001515,E,Unit Pro 8010
000000000000001516,E,Unit Basic 8355
000000000000001517,E,Widget Plus 9916
000000000000001518,E,Assembly Plus 4845
000000000000001519,E,Widget Basic 1096
000000000000001520,E,Component Premium 8210
000000000000001521,E,Part Basic 1328
000000000000001522,E,Device Premium 8444
000000000000001523,E,Unit Basic 6493
000000000000001524,E,Unit Basic 4548
000000000000001525,E,Component Plus 158
000000000000001526,E,Device Basic 3668
000000000000001527,E,Tool Pro 8501
000000000000001528,E,System Basic 8702
000000000000001529,E,Assembly Standard 3709
000000000000001530,E,Assembly Standard 9146
000000000000001531,E,Gadget Plus 3768
000000000000001532,E,Widget Basic 4002
000000000000001533,E,Assembly Pro 2527
000000000000001534,E,Assembly Plus 4530
000000000000001535,E,Widget Plus 3540
000000000000001536,E,Part Pro 122
000000000000001537,E,Module Basic 6147
000000000000001538,E,Module Pro 9099
000000000000001539,E,Assembly Plus 6790
000000000000001540,E,Tool Standard 5418
000000000000001541,E,Widget Pro 5924
000000000000001542,E,Component Standard 2995
000000000000001543,E,Assembly Pro 8904
000000000000001544,E,Tool Pro 6358
000000000000001545,E,Assembly Basic 9125
000000000000001546,E,Component Premium 3714
000000000000001547,E,Module Standard 3441
000000000000001548,E,Tool Premium 2650
000000000000001549,E,System Plus 7209
000000000000001550,E,Module Plus 7948
000000000000001551,E,Gadget Premium 3073
000000000000001552,E,System Plus 2985
000000000000001553,E,Component Basic 8136
000000000000001554,E,Device Standard 444
000000000000001555,E,Assembly Plus 3011
000000000000001556,E,Unit Basic 3177
000000000000001557,E,Gadget Plus 1280
000000000000001558,E,Unit Plus 7555
000000000000001559,E,Unit Pro 8730
000000000000001560,E,Device Pro 9984
000000000000001561,E,Gadget Premium 6391
000000000000001562,E,Widget Pro 322
000000000000001563,E,Widget Plus 4168
000000000000001564,E,Gadget Standard 2436
000000000000001565,E,Tool Pro 253
000000000000001566,E,Gadget Basic 5644
000000000000001567,E,Gadget Plus 2381
000000000000001568,E,System Basic 7379
000000000000001569,E,Device Standard 5535
000000000000001570,E,System Plus 4094
000000000000001571,E,Widget Basic 4482
000000000000001572,E,Part Pro 447
000000000000001573,E,Widget Pro 9023
000000000000001574,E,Assembly Pro 8481
000000000000001575,E,Unit Plus 119
000000000000001576,E,Component Pro 3813
000000000000001577,E,Unit Premium 2514
000000000000001578,E,Module Standard 3800
000000000000001579,E,Unit Pro 8157
000000000000001580,E,Device Pro 3778
000000000000001581,E,Gadget Standard 5954
000000000000001582,E,Gadget Basic 5567
000000000000001583,E,Gadget Standard 1489
000000000000001584,E,Widget Basic 2575
000000000000001585,E,Device Premium 8791
000000000000001586,E,Module Basic 3071
000000000000001587,E,Unit Plus 5040
000000000000001588,E,Tool Standard 5807
000000000000001589,E,Gadget Standard 8279
000000000000001590,E,Module Standard 1351
000000000000001591,E,Widget Plus 2501
000000000000001592,E,Module Plus 6499
000000000000001593,E,System Premium 1202
000000000000001594,E,Gadget Basic 7103
000000000000001595,E,Assembly Plus 1581
000000000000001596,E,Module Plus 3079
000000000000001597,E,Unit Standard 5331
000000000000001598,E,System Premium 7985
000000000000001599,E,Unit Basic 5563
000000000000001600,E,Device Plus 6378
000000000000001601,E,Unit Basic 8244
000000000000001602,E,Part Basic 8170
000000000000001603,E,Part Basic 3870
000000000000001604,E,Unit Pro 9618
000000000000001605,E,Unit Basic 9567
000000000000001606,E,Component Pro 3953
000000000000001607,E,Module Pro 3430
000000000000001608,E,Widget Standard 9248
000000000000001609,E,System Plus 1904
000000000000001610,E,Widget Standard 6012
000000000000001611,E,Device Standard 7643
000000000000001612,E,Device Basic 6998
000000000000001613,E,Component Plus 3779
000000000000001614,E,Widget Plus 2020
000000000000001615,E,Device Premium 531
000000000000001616,E,Unit Standard 986
000000000000001617,E,Gadget Basic 1308
000000000000001618,E,System Basic 2691
000000000000001619,E,Widget Plus 6084
000000000000001620,E,Device Pro 4114
000000000000001621,E,Gadget Pro 9425
000000000000001622,E,Unit Plus 3088
000000000000001623,E,System Plus 8741
000000000000001624,E,Assembly Premium 6842
000000000000001625,E,Module Premium 316
000000000000001626,E,Assembly Pro 2654
000000000000001627,E,Widget Pro 9998
000000000000001628,E,Device Basic 2727
000000000000001629,E,Widget Premium 7040
000000000000001630,E,System Basic 4327
000000000000001631,E,Tool Basic 5114
000000000000001632,E,Component Premium 2669
000000000000001633,E,Assembly Pro 8644
000000000000001634,E,Unit Plus 3571
000000000000001635,E,Unit Basic 1017
000000000000001636,E,Component Premium 3109
000000000000001637,E,Part Basic 1364
000000000000001638,E,System Premium 5231
000000000000001639,E,Unit Premium 2800
000000000000001640,E,Widget Standard 7050
000000000000001641,E,Component Standard 1876
000000000000001642,E,Gadget Pro 6042
000000000000001643,E,Tool Standard 559
000000000000001644,E,Component Standard 2766
000000000000001645,E,Part Pro 1170
000000000000001646,E,Component Basic 279
000000000000001647,E,Assembly Plus 9138
000000000000001648,E,Component Pro 4037
000000000000001649,E,Assembly Pro 9440
000000000000001650,E,Tool Pro 9336
000000000000001651,E,System Pro 887
000000000000001652,E,Module Pro 5156
000000000000001653,E,Widget Standard 4726
000000000000001654,E,Unit Basic 3292
000000000000001655,E,Module Premium 5930
000000000000001656,E,Device Pro 5528
000000000000001657,E,Unit Basic 1754
000000000000001658,E,Part Plus 488
000000000000001659,E,Tool Premium 7914
000000000000001660,E,Tool Pro 4853
000000000000001661,E,Device Plus 7687
000000000000001662,E,Gadget Pro 3894
000000000000001663,E,Component Plus 2738
000000000000001664,E,Part Basic 8673
000000000000001665,E,Module Premium 2249
000000000000001666,E,Module Standard 6003
000000000000001667,E,Tool Premium 755
000000000000001668,E,Unit Plus 3521
000000000000001669,E,Tool Basic 1328
000000000000001670,E,Device Basic 8251
000000000000001671,E,Gadget Pro 2436
000000000000001672,E,Assembly Basic 1528
000000000000001673,E,System Pro 7551
000000000000001674,E,Module Plus 4943
000000000000001675,E,Device Pro 4689
000000000000001676,E,Tool Standard 5889
000000000000001677,E,Gadget Pro 3035
000000000000001678,E,System Standard 7853
000000000000001679,E,Assembly Premium 2401
000000000000001680,E,Gadget Basic 8099
000000000000001681,E,Widget Standard 4796
000000000000001682,E,Unit Premium 2213
000000000000001683,E,System Standard 8496
000000000000001684,E,Tool Standard 6222
000000000000001685,E,Gadget Premium 8389
000000000000001686,E,System Standard 799
000000000000001687,E,Tool Pro 4111
000000000000001688,E,Part Pro 2632
000000000000001689,E,Gadget Standard 6257
000000000000001690,E,Device Basic 6641
000000000000001691,E,Gadget Plus 6460
000000000000001692,E,System Pro 5816
000000000000001693,E,System Premium 8867
000000000000001694,E,System Pro 1506
000000000000001695,E,Device Pro 6603
000000000000001696,E,Unit Plus 6678
000000000000001697,E,Module Pro 5298
000000000000001698,E,Module Basic 8067
000000000000001699,E,Component Premium 1973
000000000000001700,E,Assembly Premium 727
000000000000001701,E,Part Plus 7799
000000000000001702,E,Device Plus 5345
000000000000001703,E,Tool Pro 9948
000000000000001704,E,Unit Pro 6022
000000000000001705,E,Unit Premium 3596
000000000000001706,E,Widget Plus 475
000000000000001707,E,Unit Standard 4229
000000000000001708,E,Device Pro 2422
000000000000001709,E,Gadget Standard 6736
000000000000001710,E,Gadget Standard 7496
000000000000001711,E,Unit Basic 3607
000000000000001712,E,Assembly Plus 980
000000000000001713,E,Gadget Premium 5703
000000000000001714,E,Assembly Plus 3353
000000000000001715,E,Module Premium 7990
000000000000001716,E,System Basic 2732
000000000000001717,E,Unit Standard 9444
000000000000001718,E,Unit Pro 9289
000000000000001719,E,Tool Plus 1374
000000000000001720,E,Tool Basic 2469
000000000000001721,E,Module Standard 332
000000000000001722,E,Device Premium 2516
000000000000001723,E,System Standard 1961
000000000000001724,E,Unit Standard 8631
000000000000001725,E,Widget Premium 2159
000000000000001726,E,System Basic 1696
000000000000001727,E,Widget Plus 3174
000000000000001728,E,Unit Basic 2821
000000000000001729,E,Tool Premium 3641
000000000000001730,E,Module Plus 3231
000000000000001731,E,Tool Pro 6166
000000000000001732,E,Module Pro 5047
000000000000001733,E,Assembly Basic 2143
000000000000001734,E,System Premium 6883
000000000000001735,E,Unit Standard 5870
000000000000001736,E,Part Premium 8671
000000000000001737,E,Module Pro 2980
000000000000001738,E,System Premium 6213
000000000000001739,E,Device Basic 9846
000000000000001740,E,Device Basic 7241
000000000000001741,E,Unit Standard 7267
000000000000001742,E,Assembly Basic 1725
000000000000001743,E,Gadget Pro 1568
000000000000001744,E,Widget Basic 6838
000000000000001745,E,Gadget Premium 9024
000000000000001746,E,Gadget Premium 8347
000000000000001747,E,Tool Pro 4849
000000000000001748,E,Unit Plus 3751
000000000000001749,E,System Basic 6343
000000000000001750,E,Gadget Plus 7793
000000000000001751,E,Gadget Standard 7701
000000000000001752,E,Unit Premium 224
000000000000001753,E,Module Plus 8415
000000000000001754,E,Assembly Standard 4433
000000000000001755,E,Assembly Premium 4057
000000000000001756,E,Widget Premium 635
000000000000001757,E,Widget Pro 2612
000000000000001758,E,Module Basic 9929
000000000000001759,E,Module Standard 2892
000000000000001760,E,Tool Premium 4062
000000000000001761,E,Part Premium 3256
000000000000001762,E,Tool Premium 945
000000000000001763,E,Tool Premium 2211
000000000000001764,E,Unit Plus 6704
000000000000001765,E,Module Basic 2695
000000000000001766,E,Unit Plus 1731
000000000000001767,E,Device Basic 2039
000000000000001768,E,Tool Premium 4363
000000000000001769,E,Part Plus 5382
000000000000001770,E,Component Pro 1628
000000000000001771,E,Widget Premium 289
000000000000001772,E,Tool Plus 555
000000000000001773,E,Tool Basic 1390
000000000000001774,E,Tool Premium 514
000000000000001775,E,Device Premium 5967
000000000000001776,E,Device Plus 3733
000000000000001777,E,Assembly Plus 8872
000000000000001778,E,Component Premium 4367
000000000000001779,E,Widget Standard 1459
000000000000001780,E,Device Pro 9592
000000000000001781,E,Gadget Pro 7622
000000000000001782,E,Tool Pro 1854
000000000000001783,E,Device Standard 4392
000000000000001784,E,Device Pro 1367
000000000000001785,E,System Standard 3507
000000000000001786,E,Unit Pro 8145
000000000000001787,E,Widget Premium 1305
000000000000001788,E,System Pro 3545
000000000000001789,E,Unit Premium 5237
000000000000001790,E,System Plus 3045
000000000000001791,E,Assembly Pro 3027
000000000000001792,E,Tool Basic 615
000000000000001793,E,Gadget Standard 5781
000000000000001794,E,System Basic 9930
000000000000001795,E,Part Pro 2695
000000000000001796,E,Part Standard 2092
000000000000001797,E,Component Basic 584
000000000000001798,E,Part Pro 8586
000000000000001799,E,Part Plus 3643
000000000000001800,E,Module Pro 3654
000000000000001801,E,Widget Standard 2370
000000000000001802,E,Component Pro 2173
000000000000001803,E,Assembly Standard 7990
000000000000001804,E,Component Pro 5810
000000000000001805,E,Part Standard 7752
000000000000001806,E,System Premium 8499
000000000000001807,E,Unit Plus 4197
000000000000001808,E,Device Plus 4705
000000000000001809,E,Unit Pro 9662
000000000000001810,E,Tool Standard 2814
000000000000001811,E,Component Premium 7201
000000000000001812,E,System Premium 9870
000000000000001813,E,Assembly Standard 1862
000000000000001814,E,Tool Premium 7133
000000000000001815,E,Component Basic 5882
000000000000001816,E,Module Pro 7463
000000000000001817,E,Device Pro 8478
000000000000001818,E,Assembly Basic 6814
000000000000001819,E,Assembly Basic 8791
000000000000001820,E,Module Premium 590
000000000000001821,E,Gadget Plus 5386
000000000000001822,E,Unit Plus 5961
000000000000001823,E,Component Pro 3625
000000000000001824,E,Module Standard 2476
000000000000001825,E,Module Pro 257
000000000000001826,E,Module Pro 5488
000000000000001827,E,Component Premium 9397
000000000000001828,E,Module Plus 9301
000000000000001829,E,Gadget Premium 4746
000000000000001830,E,Tool Plus 8738
000000000000001831,E,Component Pro 9290
000000000000001832,E,Assembly Basic 1325
000000000000001833,E,Tool Premium 7230
000000000000001834,E,Module Standard 3346
000000000000001835,E,Component Pro 8192
000000000000001836,E,System Pro 4596
000000000000001837,E,Unit Pro 2133
000000000000001838,E,System Plus 9953
000000000000001839,E,Module Basic 6372
000000000000001840,E,Component Basic 448
000000000000001841,E,Assembly Pro 9533
000000000000001842,E,Widget Premium 4759
000000000000001843,E,Device Premium 706
000000000000001844,E,Part Basic 740
000000000000001845,E,Module Pro 1237
000000000000001846,E,System Pro 6900
000000000000001847,E,Assembly Standard 5296
000000000000001848,E,Module Premium 1406
000000000000001849,E,Part Standard 8190
000000000000001850,E,Tool Pro 6544
000000000000001851,E,Assembly Premium 8182
000000000000001852,E,Gadget Standard 1783
000000000000001853,E,Widget Plus 883
000000000000001854,E,Widget Plus 1822
000000000000001855,E,Module Premium 3808
000000000000001856,E,Device Pro 3231
000000000000001857,E,Module Basic 180
000000000000001858,E,Widget Standard 805
000000000000001859,E,Gadget Pro 5085
000000000000001860,E,Gadget Standard 5495
000000000000001861,E,Tool Premium 4522
000000000000001862,E,Device Plus 9659
000000000000001863,E,System Pro 2169
000000000000001864,E,Module Plus 9670
000000000000001865,E,Unit Premium 2104
000000000000001866,E,Part Basic 4040
000000000000001867,E,Tool Premium 8129
000000000000001868,E,Assembly Standard 8008
000000000000001869,E,Component Pro 4422
000000000000001870,E,Assembly Pro 5883
000000000000001871,E,Part Plus 3473
000000000000001872,E,Gadget Pro 8203
000000000000001873,E,Widget Plus 315
000000000000001874,E,Component Premium 6408
000000000000001875,E,Component Premium 1812
000000000000001876,E,Module Plus 9775
000000000000001877,E,Part Basic 5234
000000000000001878,E,Assembly Premium 2623
000000000000001879,E,Part Pro 2230
000000000000001880,E,Component Standard 6417
000000000000001881,E,System Basic 8512
000000000000001882,E,Component Premium 3179
000000000000001883,E,Gadget Standard 7031
000000000000001884,E,Device Standard 9557
000000000000001885,E,Gadget Plus 7652
000000000000001886,E,Gadget Pro 4041
000000000000001887,E,Widget Premium 3164
000000000000001888,E,Assembly Pro 7902
000000000000001889,E,Part Premium 5866
000000000000001890,E,Assembly Pro 9116
000000000000001891,E,Gadget Standard 7169
000000000000001892,E,Component Plus 6603
000000000000001893,E,Part Premium 8421
000000000000001894,E,Module Pro 7330
000000000000001895,E,Assembly Standard 1702
000000000000001896,E,Widget Premium 7023
000000000000001897,E,Component Standard 3203
000000000000001898,E,Unit Plus 9832
000000000000001899,E,Assembly Basic 8187
000000000000001900,E,Part Premium 1888
000000000000001901,E,Widget Plus 1919
000000000000001902,E,Component Pro 970
000000000000001903,E,Widget Basic 4461
000000000000001904,E,Component Pro 8818
000000000000001905,E,Gadget Standard 3810
000000000000001906,E,Tool Premium 6521
000000000000001907,E,Unit Pro 3702
000000000000001908,E,Assembly Premium 3470
000000000000001909,E,Device Plus 5795
000000000000001910,E,Assembly Basic 4818
000000000000001911,E,Widget Pro 3132
000000000000001912,E,Part Basic 7911
000000000000001913,E,Assembly Plus 2889
000000000000001914,E,Module Pro 2830
000000000000001915,E,Device Standard 7558
000000000000001916,E,Device Pro 7875
000000000000001917,E,Unit Standard 441
000000000000001918,E,Device Standard 1361
000000000000001919,E,Device Pro 9832
000000000000001920,E,Module Premium 9654
000000000000001921,E,Widget Premium 4155
000000000000001922,E,System Pro 840
000000000000001923,E,Widget Basic 4862
000000000000001924,E,Component Basic 8343
000000000000001925,E,Device Plus 1638
000000000000001926,E,Gadget Standard 5599
000000000000001927,E,System Premium 5847
000000000000001928,E,Part Standard 8070
000000000000001929,E,Assembly Standard 7616
000000000000001930,E,Widget Standard 5033
000000000000001931,E,Module Basic 9860
000000000000001932,E,System Pro 4522
000000000000001933,E,Part Pro 2523
000000000000001934,E,Unit Plus 2420
000000000000001935,E,Module Premium 606
000000000000001936,E,Component Basic 7156
000000000000001937,E,Module Plus 1562
000000000000001938,E,Component Premium 1868
000000000000001939,E,Assembly Basic 7460
000000000000001940,E,Part Plus 4446
000000000000001941,E,Module Standard 6506
000000000000001942,E,Tool Premium 4626
000000000000001943,E,Assembly Plus 773
000000000000001944,E,Tool Basic 5724
000000000000001945,E,Tool Pro 7201
000000000000001946,E,System Basic 5785
000000000000001947,E,Assembly Pro 236
000000000000001948,E,System Plus 7740
000000000000001949,E,Device Basic 4847
000000000000001950,E,Tool Basic 2764
000000000000001951,E,Assembly Premium 4822
000000000000001952,E,Gadget Standard 355
000000000000001953,E,System Pro 3660
000000000000001954,E,Assembly Basic 2122
000000000000001955,E,Widget Premium 5110
000000000000001956,E,Widget Premium 5871
000000000000001957,E,Widget Pro 4219
000000000000001958,E,Device Standard 4741
000000000000001959,E,Part Basic 2640
000000000000001960,E,Gadget Standard 2437
000000000000001961,E,Component Premium 9688
000000000000001962,E,Gadget Standard 3685
000000000000001963,E,Widget Premium 5910
000000000000001964,E,Component Premium 7023
000000000000001965,E,Unit Pro 4380
000000000000001966,E,Assembly Basic 5191
000000000000001967,E,Device Basic 7240
000000000000001968,E,Module Basic 2380
000000000000001969,E,Component Standard 2323
000000000000001970,E,Unit Basic 3368
000000000000001971,E,Assembly Standard 1502
000000000000001972,E,Assembly Basic 7655
000000000000001973,E,Part Plus 6259
000000000000001974,E,Unit Pro 2370
000000000000001975,E,Part Premium 5232
000000000000001976,E,Part Standard 7773
000000000000001977,E,Module Premium 7743
000000000000001978,E,Unit Premium 7657
000000000000001979,E,Widget Basic 532
000000000000001980,E,Unit Pro 2403
000000000000001981,E,Tool Standard 4075
000000000000001982,E,Tool Basic 6213
000000000000001983,E,Device Basic 9000
000000000000001984,E,Tool Standard 977
000000000000001985,E,Unit Plus 6701
000000000000001986,E,Widget Premium 8587
000000000000001987,E,System Pro 1487
000000000000001988,E,Widget Standard 1853
000000000000001989,E,Module Basic 1695
000000000000001990,E,Assembly Basic 7988
000000000000001991,E,Module Pro 2089
000000000000001992,E,Tool Basic 968
000000000000001993,E,Component Basic 2461
000000000000001994,E,Part Premium 2334
000000000000001995,E,Component Plus 5029
000000000000001996,E,Assembly Pro 8045
000000000000001997,E,Tool Plus 1979
000000000000001998,E,Gadget Pro 2607
000000000000001999,E,Tool Pro 8616
000000000000002000,E,Gadget Plus 3447
