MATNR,VKORG,VTWEG,MVGR1,KONDM,KTGRM
000000000000000001,2000,10,01,01,01
000000000000000001,3000,10,01,01,01
000000000000000002,2000,10,01,01,01
000000000000000003,2000,10,01,01,01
000000000000000004,2000,10,02,01,01
000000000000000005,2000,10,01,01,01
000000000000000005,1000,10,02,01,01
000000000000000006,1000,10,03,01,01
000000000000000006,3000,10,03,01,01
000000000000000007,3000,10,02,01,01
000000000000000008,2000,10,03,01,01
000000000000000009,2000,10,03,01,01
000000000000000010,1000,10,03,01,01
000000000000000011,2000,10,02,01,01
000000000000000012,2000,10,02,01,01
000000000000000012,3000,10,03,01,01
000000000000000013,2000,10,01,01,01
000000000000000014,3000,10,01,01,01
000000000000000014,1000,10,03,01,01
000000000000000015,2000,10,02,01,01
000000000000000016,3000,10,03,01,01
000000000000000017,1000,10,01,01,01
000000000000000018,2000,10,01,01,01
000000000000000019,1000,10,03,01,01
000000000000000020,1000,10,01,01,01
000000000000000020,3000,10,01,01,01
000000000000000021,3000,10,02,01,01
000000000000000022,3000,10,01,01,01
000000000000000023,2000,10,03,01,01
000000000000000024,1000,10,01,01,01
000000000000000024,2000,10,01,01,01
000000000000000025,2000,10,02,01,01
000000000000000026,2000,10,02,01,01
000000000000000027,1000,10,03,01,01
000000000000000028,1000,10,03,01,01
000000000000000029,1000,10,03,01,01
000000000000000029,2000,10,02,01,01
000000000000000030,3000,10,01,01,01
000000000000000031,2000,10,01,01,01
000000000000000032,2000,10,01,01,01
000000000000000032,1000,10,02,01,01
000000000000000033,3000,10,01,01,01
000000000000000034,3000,10,03,01,01
000000000000000035,3000,10,03,01,01
000000000000000035,1000,10,02,01,01
000000000000000036,2000,10,03,01,01
000000000000000037,2000,10,01,01,01
000000000000000038,2000,10,03,01,01
000000000000000038,3000,10,02,01,01
000000000000000039,2000,10,01,01,01
000000000000000040,1000,10,01,01,01
000000000000000040,3000,10,02,01,01
000000000000000041,1000,10,03,01,01
000000000000000041,2000,10,03,01,01
000000000000000042,1000,10,01,01,01
000000000000000043,2000,10,01,01,01
000000000000000044,2000,10,03,01,01
000000000000000045,3000,10,02,01,01
000000000000000045,2000,10,01,01,01
000000000000000046,2000,10,01,01,01
000000000000000047,1000,10,02,01,01
000000000000000047,3000,10,01,01,01
000000000000000048,2000,10,02,01,01
000000000000000049,3000,10,01,01,01
000000000000000050,1000,10,01,01,01
000000000000000051,2000,10,03,01,01
000000000000000051,3000,10,03,01,01
000000000000000052,1000,10,02,01,01
000000000000000053,2000,10,01,01,01
000000000000000053,3000,10,02,01,01
000000000000000054,3000,10,01,01,01
000000000000000055,2000,10,02,01,01
000000000000000055,1000,10,03,01,01
000000000000000056,3000,10,01,01,01
000000000000000056,2000,10,02,01,01
000000000000000057,1000,10,01,01,01
000000000000000058,1000,10,02,01,01
000000000000000059,3000,10,01,01,01
000000000000000059,2000,10,03,01,01
000000000000000060,3000,10,02,01,01
000000000000000060,2000,10,01,01,01
000000000000000061,3000,10,02,01,01
000000000000000062,2000,10,01,01,01
000000000000000063,3000,10,01,01,01
000000000000000063,2000,10,03,01,01
000000000000000064,2000,10,03,01,01
000000000000000065,1000,10,01,01,01
000000000000000066,2000,10,02,01,01
000000000000000067,2000,10,01,01,01
000000000000000068,2000,10,02,01,01
000000000000000068,1000,10,02,01,01
000000000000000069,2000,10,03,01,01
000000000000000070,2000,10,02,01,01
000000000000000071,1000,10,01,01,01
000000000000000072,2000,10,01,01,01
000000000000000073,1000,10,03,01,01
000000000000000074,2000,10,02,01,01
000000000000000074,3000,10,02,01,01
000000000000000075,3000,10,02,01,01
000000000000000076,3000,10,02,01,01
000000000000000076,1000,10,03,01,01
000000000000000077,3000,10,02,01,01
000000000000000078,2000,10,03,01,01
000000000000000079,3000,10,03,01,01
000000000000000079,2000,10,01,01,01
000000000000000080,3000,10,03,01,01
000000000000000081,1000,10,02,01,01
000000000000000082,2000,10,01,01,01
000000000000000083,3000,10,03,01,01
000000000000000084,1000,10,03,01,01
000000000000000084,3000,10,03,01,01
000000000000000085,3000,10,01,01,01
000000000000000086,1000,10,03,01,01
000000000000000087,2000,10,03,01,01
000000000000000088,1000,10,03,01,01
000000000000000088,2000,10,02,01,01
000000000000000089,1000,10,02,01,01
000000000000000090,1000,10,03,01,01
000000000000000091,3000,10,03,01,01
000000000000000092,2000,10,02,01,01
000000000000000093,3000,10,01,01,01
000000000000000094,2000,10,01,01,01
000000000000000095,3000,10,03,01,01
000000000000000095,2000,10,01,01,01
000000000000000096,1000,10,02,01,01
000000000000000096,3000,10,02,01,01
000000000000000097,3000,10,01,01,01
000000000000000098,2000,10,03,01,01
000000000000000098,1000,10,02,01,01
000000000000000099,1000,10,03,01,01
000000000000000100,1000,10,03,01,01
000000000000000101,3000,10,02,01,01
000000000000000102,2000,10,03,01,01
000000000000000103,3000,10,01,01,01
000000000000000103,1000,10,03,01,01
000000000000000104,3000,10,03,01,01
000000000000000105,3000,10,01,01,01
000000000000000105,1000,10,01,01,01
000000000000000106,1000,10,02,01,01
000000000000000107,1000,10,02,01,01
000000000000000108,2000,10,02,01,01
000000000000000109,2000,10,01,01,01
000000000000000110,2000,10,02,01,01
000000000000000110,1000,10,01,01,01
000000000000000111,2000,10,02,01,01
000000000000000112,1000,10,01,01,01
000000000000000112,2000,10,01,01,01
000000000000000113,2000,10,03,01,01
000000000000000114,2000,10,02,01,01
000000000000000115,2000,10,01,01,01
000000000000000115,3000,10,01,01,01
000000000000000116,3000,10,01,01,01
000000000000000117,3000,10,02,01,01
000000000000000117,2000,10,03,01,01
000000000000000118,3000,10,02,01,01
000000000000000119,3000,10,01,01,01
000000000000000120,2000,10,02,01,01
000000000000000120,3000,10,02,01,01
000000000000000121,1000,10,02,01,01
000000000000000122,3000,10,03,01,01
000000000000000122,2000,10,01,01,01
000000000000000123,1000,10,02,01,01
000000000000000124,2000,10,01,01,01
000000000000000125,3000,10,02,01,01
000000000000000125,1000,10,01,01,01
000000000000000126,1000,10,03,01,01
000000000000000127,1000,10,03,01,01
000000000000000128,1000,10,03,01,01
000000000000000128,2000,10,01,01,01
000000000000000129,1000,10,03,01,01
000000000000000129,3000,10,01,01,01
000000000000000130,3000,10,02,01,01
000000000000000131,2000,10,03,01,01
000000000000000131,1000,10,01,01,01
000000000000000132,3000,10,01,01,01
000000000000000133,3000,10,01,01,01
000000000000000133,2000,10,01,01,01
000000000000000134,2000,10,03,01,01
000000000000000135,1000,10,01,01,01
000000000000000135,3000,10,03,01,01
000000000000000136,2000,10,02,01,01
000000000000000136,3000,10,03,01,01
000000000000000137,2000,10,02,01,01
000000000000000137,1000,10,03,01,01
000000000000000138,1000,10,03,01,01
000000000000000139,2000,10,01,01,01
000000000000000140,1000,10,02,01,01
000000000000000141,1000,10,01,01,01
000000000000000142,1000,10,03,01,01
000000000000000142,2000,10,01,01,01
000000000000000143,1000,10,03,01,01
000000000000000143,3000,10,02,01,01
000000000000000144,3000,10,02,01,01
000000000000000145,1000,10,02,01,01
000000000000000146,3000,10,02,01,01
000000000000000146,2000,10,01,01,01
000000000000000147,1000,10,02,01,01
000000000000000148,2000,10,02,01,01
000000000000000148,1000,10,01,01,01
000000000000000149,3000,10,02,01,01
000000000000000150,2000,10,02,01,01
000000000000000150,3000,10,01,01,01
000000000000000151,2000,10,02,01,01
000000000000000151,3000,10,02,01,01
000000000000000152,2000,10,01,01,01
000000000000000152,1000,10,03,01,01
000000000000000153,3000,10,02,01,01
000000000000000153,2000,10,02,01,01
000000000000000154,1000,10,02,01,01
000000000000000154,2000,10,03,01,01
000000000000000155,3000,10,01,01,01
000000000000000156,2000,10,01,01,01
000000000000000157,2000,10,01,01,01
000000000000000157,1000,10,03,01,01
000000000000000158,1000,10,01,01,01
000000000000000159,3000,10,01,01,01
000000000000000160,3000,10,03,01,01
000000000000000161,2000,10,03,01,01
000000000000000162,2000,10,03,01,01
000000000000000163,2000,10,03,01,01
000000000000000164,3000,10,02,01,01
000000000000000165,3000,10,01,01,01
000000000000000166,3000,10,03,01,01
000000000000000167,1000,10,01,01,01
000000000000000168,2000,10,03,01,01
000000000000000168,1000,10,01,01,01
000000000000000169,3000,10,03,01,01
000000000000000170,2000,10,03,01,01
000000000000000170,3000,10,01,01,01
000000000000000171,1000,10,02,01,01
000000000000000172,1000,10,03,01,01
000000000000000172,2000,10,03,01,01
000000000000000173,1000,10,03,01,01
000000000000000173,3000,10,01,01,01
000000000000000174,2000,10,03,01,01
000000000000000174,1000,10,02,01,01
000000000000000175,2000,10,03,01,01
000000000000000176,2000,10,03,01,01
000000000000000177,3000,10,02,01,01
000000000000000177,2000,10,02,01,01
000000000000000178,1000,10,01,01,01
000000000000000179,3000,10,01,01,01
000000000000000180,1000,10,03,01,01
000000000000000180,3000,10,02,01,01
000000000000000181,2000,10,02,01,01
000000000000000181,1000,10,02,01,01
000000000000000182,3000,10,01,01,01
000000000000000183,1000,10,03,01,01
000000000000000184,1000,10,03,01,01
000000000000000184,3000,10,01,01,01
000000000000000185,2000,10,02,01,01
000000000000000185,3000,10,02,01,01
000000000000000186,1000,10,01,01,01
000000000000000187,3000,10,03,01,01
000000000000000188,2000,10,02,01,01
000000000000000189,3000,10,03,01,01
000000000000000189,1000,10,01,01,01
000000000000000190,1000,10,03,01,01
000000000000000190,3000,10,01,01,01
000000000000000191,2000,10,01,01,01
000000000000000191,1000,10,01,01,01
000000000000000192,3000,10,02,01,01
000000000000000193,3000,10,03,01,01
000000000000000193,2000,10,03,01,01
000000000000000194,2000,10,01,01,01
000000000000000194,1000,10,01,01,01
000000000000000195,3000,10,01,01,01
000000000000000196,2000,10,02,01,01
000000000000000197,2000,10,03,01,01
000000000000000198,3000,10,03,01,01
000000000000000198,2000,10,02,01,01
000000000000000199,1000,10,03,01,01
000000000000000200,2000,10,01,01,01
000000000000000201,3000,10,03,01,01
000000000000000201,1000,10,02,01,01
000000000000000202,1000,10,02,01,01
000000000000000202,3000,10,03,01,01
000000000000000203,1000,10,01,01,01
000000000000000203,3000,10,01,01,01
000000000000000204,2000,10,01,01,01
000000000000000205,3000,10,01,01,01
000000000000000206,2000,10,01,01,01
000000000000000206,1000,10,02,01,01
000000000000000207,3000,10,02,01,01
000000000000000207,1000,10,02,01,01
000000000000000208,3000,10,02,01,01
000000000000000208,2000,10,01,01,01
000000000000000209,3000,10,03,01,01
000000000000000209,1000,10,02,01,01
000000000000000210,1000,10,01,01,01
000000000000000210,3000,10,03,01,01
000000000000000211,1000,10,03,01,01
000000000000000211,2000,10,03,01,01
000000000000000212,3000,10,03,01,01
000000000000000213,2000,10,01,01,01
000000000000000213,3000,10,01,01,01
000000000000000214,3000,10,01,01,01
000000000000000215,2000,10,03,01,01
000000000000000216,3000,10,03,01,01
000000000000000216,1000,10,03,01,01
000000000000000217,3000,10,02,01,01
000000000000000218,3000,10,02,01,01
000000000000000218,2000,10,03,01,01
000000000000000219,1000,10,03,01,01
000000000000000220,2000,10,03,01,01
000000000000000220,1000,10,01,01,01
000000000000000221,2000,10,03,01,01
000000000000000222,2000,10,02,01,01
000000000000000223,1000,10,02,01,01
000000000000000224,3000,10,03,01,01
000000000000000225,3000,10,01,01,01
000000000000000226,3000,10,02,01,01
000000000000000227,1000,10,01,01,01
000000000000000227,2000,10,02,01,01
000000000000000228,2000,10,02,01,01
000000000000000229,1000,10,01,01,01
000000000000000229,2000,10,01,01,01
000000000000000230,3000,10,02,01,01
000000000000000230,1000,10,01,01,01
000000000000000231,1000,10,03,01,01
000000000000000231,2000,10,01,01,01
000000000000000232,3000,10,03,01,01
000000000000000232,2000,10,03,01,01
000000000000000233,3000,10,02,01,01
000000000000000233,1000,10,01,01,01
000000000000000234,3000,10,02,01,01
000000000000000235,3000,10,01,01,01
000000000000000235,1000,10,02,01,01
000000000000000236,3000,10,03,01,01
000000000000000236,2000,10,03,01,01
000000000000000237,2000,10,02,01,01
000000000000000238,3000,10,02,01,01
000000000000000239,2000,10,02,01,01
000000000000000239,3000,10,03,01,01
000000000000000240,1000,10,01,01,01
000000000000000240,2000,10,01,01,01
000000000000000241,3000,10,01,01,01
000000000000000242,1000,10,01,01,01
000000000000000243,3000,10,03,01,01
000000000000000244,3000,10,02,01,01
000000000000000245,2000,10,02,01,01
000000000000000246,3000,10,01,01,01
000000000000000247,1000,10,02,01,01
000000000000000248,3000,10,02,01,01
000000000000000248,1000,10,02,01,01
000000000000000249,1000,10,01,01,01
000000000000000250,2000,10,02,01,01
000000000000000251,2000,10,02,01,01
000000000000000252,3000,10,03,01,01
000000000000000252,1000,10,02,01,01
000000000000000253,3000,10,01,01,01
000000000000000253,1000,10,01,01,01
000000000000000254,3000,10,03,01,01
000000000000000254,2000,10,02,01,01
000000000000000255,2000,10,03,01,01
000000000000000255,1000,10,02,01,01
000000000000000256,2000,10,01,01,01
000000000000000257,1000,10,03,01,01
000000000000000258,3000,10,03,01,01
000000000000000259,1000,10,01,01,01
000000000000000259,2000,10,01,01,01
000000000000000260,1000,10,02,01,01
000000000000000261,1000,10,02,01,01
000000000000000262,3000,10,01,01,01
000000000000000263,1000,10,02,01,01
000000000000000264,1000,10,01,01,01
000000000000000265,3000,10,02,01,01
000000000000000266,3000,10,02,01,01
000000000000000267,3000,10,02,01,01
000000000000000268,1000,10,03,01,01
000000000000000269,2000,10,01,01,01
000000000000000269,3000,10,02,01,01
000000000000000270,1000,10,03,01,01
000000000000000271,1000,10,02,01,01
000000000000000271,3000,10,02,01,01
000000000000000272,2000,10,03,01,01
000000000000000273,2000,10,03,01,01
000000000000000274,1000,10,03,01,01
000000000000000275,3000,10,03,01,01
000000000000000276,2000,10,02,01,01
000000000000000276,3000,10,03,01,01
000000000000000277,1000,10,03,01,01
000000000000000278,1000,10,03,01,01
000000000000000279,3000,10,03,01,01
000000000000000279,1000,10,03,01,01
000000000000000280,3000,10,01,01,01
000000000000000281,1000,10,03,01,01
000000000000000282,3000,10,03,01,01
000000000000000282,2000,10,02,01,01
000000000000000283,2000,10,03,01,01
000000000000000284,1000,10,03,01,01
000000000000000285,2000,10,02,01,01
000000000000000286,3000,10,03,01,01
000000000000000287,2000,10,03,01,01
000000000000000288,3000,10,02,01,01
000000000000000289,2000,10,02,01,01
000000000000000289,3000,10,02,01,01
000000000000000290,2000,10,02,01,01
000000000000000291,3000,10,01,01,01
000000000000000292,3000,10,02,01,01
000000000000000293,2000,10,03,01,01
000000000000000294,3000,10,02,01,01
000000000000000295,2000,10,03,01,01
000000000000000296,1000,10,01,01,01
000000000000000297,2000,10,03,01,01
000000000000000297,3000,10,02,01,01
000000000000000298,1000,10,02,01,01
000000000000000298,2000,10,01,01,01
000000000000000299,2000,10,01,01,01
000000000000000300,1000,10,02,01,01
000000000000000301,1000,10,03,01,01
000000000000000302,3000,10,01,01,01
000000000000000302,2000,10,01,01,01
000000000000000303,2000,10,02,01,01
000000000000000304,1000,10,03,01,01
000000000000000305,2000,10,02,01,01
000000000000000306,3000,10,03,01,01
000000000000000306,2000,10,03,01,01
000000000000000307,1000,10,03,01,01
000000000000000308,1000,10,03,01,01
000000000000000309,1000,10,01,01,01
000000000000000310,2000,10,03,01,01
000000000000000311,3000,10,03,01,01
000000000000000312,3000,10,02,01,01
000000000000000313,3000,10,03,01,01
000000000000000313,1000,10,03,01,01
000000000000000314,3000,10,01,01,01
000000000000000315,1000,10,01,01,01
000000000000000316,3000,10,03,01,01
000000000000000317,1000,10,01,01,01
000000000000000318,3000,10,02,01,01
000000000000000318,1000,10,01,01,01
000000000000000319,3000,10,01,01,01
000000000000000319,2000,10,01,01,01
000000000000000320,2000,10,02,01,01
000000000000000321,1000,10,01,01,01
000000000000000321,3000,10,02,01,01
000000000000000322,3000,10,03,01,01
000000000000000323,1000,10,03,01,01
000000000000000324,3000,10,01,01,01
000000000000000324,1000,10,01,01,01
000000000000000325,1000,10,02,01,01
000000000000000326,1000,10,01,01,01
000000000000000326,2000,10,02,01,01
000000000000000327,2000,10,02,01,01
000000000000000328,1000,10,03,01,01
000000000000000329,1000,10,02,01,01
000000000000000329,2000,10,02,01,01
000000000000000330,1000,10,01,01,01
000000000000000331,3000,10,01,01,01
000000000000000332,3000,10,02,01,01
000000000000000332,2000,10,01,01,01
000000000000000333,3000,10,02,01,01
000000000000000334,1000,10,01,01,01
000000000000000335,2000,10,02,01,01
000000000000000335,1000,10,02,01,01
000000000000000336,3000,10,01,01,01
000000000000000337,2000,10,03,01,01
000000000000000338,1000,10,03,01,01
000000000000000338,3000,10,02,01,01
000000000000000339,1000,10,02,01,01
000000000000000340,3000,10,03,01,01
000000000000000341,2000,10,01,01,01
000000000000000341,3000,10,01,01,01
000000000000000342,2000,10,03,01,01
000000000000000343,1000,10,02,01,01
000000000000000344,3000,10,02,01,01
000000000000000344,1000,10,03,01,01
000000000000000345,2000,10,02,01,01
000000000000000346,2000,10,03,01,01
000000000000000347,1000,10,01,01,01
000000000000000348,3000,10,02,01,01
000000000000000349,1000,10,01,01,01
000000000000000350,3000,10,03,01,01
000000000000000351,2000,10,02,01,01
000000000000000352,3000,10,02,01,01
000000000000000353,3000,10,03,01,01
000000000000000354,1000,10,02,01,01
000000000000000355,1000,10,01,01,01
000000000000000356,3000,10,02,01,01
000000000000000357,1000,10,02,01,01
000000000000000358,2000,10,03,01,01
000000000000000359,3000,10,03,01,01
000000000000000359,2000,10,01,01,01
000000000000000360,1000,10,01,01,01
000000000000000361,1000,10,01,01,01
000000000000000362,3000,10,02,01,01
000000000000000363,1000,10,01,01,01
000000000000000364,3000,10,01,01,01
000000000000000365,1000,10,02,01,01
000000000000000366,2000,10,01,01,01
000000000000000367,3000,10,01,01,01
000000000000000368,1000,10,01,01,01
000000000000000368,2000,10,03,01,01
000000000000000369,1000,10,01,01,01
000000000000000369,2000,10,03,01,01
000000000000000370,3000,10,02,01,01
000000000000000371,2000,10,02,01,01
000000000000000371,1000,10,02,01,01
000000000000000372,3000,10,03,01,01
000000000000000373,2000,10,01,01,01
000000000000000373,1000,10,02,01,01
000000000000000374,1000,10,02,01,01
000000000000000375,3000,10,02,01,01
000000000000000376,3000,10,01,01,01
000000000000000377,1000,10,01,01,01
000000000000000378,3000,10,02,01,01
000000000000000379,2000,10,02,01,01
000000000000000380,2000,10,03,01,01
000000000000000381,3000,10,02,01,01
000000000000000381,2000,10,01,01,01
000000000000000382,2000,10,03,01,01
000000000000000383,1000,10,01,01,01
000000000000000384,2000,10,01,01,01
000000000000000385,3000,10,02,01,01
000000000000000386,2000,10,02,01,01
000000000000000386,1000,10,03,01,01
000000000000000387,3000,10,02,01,01
000000000000000388,2000,10,03,01,01
000000000000000388,1000,10,01,01,01
000000000000000389,1000,10,02,01,01
000000000000000390,2000,10,03,01,01
000000000000000391,2000,10,03,01,01
000000000000000392,2000,10,01,01,01
000000000000000392,1000,10,02,01,01
000000000000000393,2000,10,01,01,01
000000000000000394,1000,10,03,01,01
000000000000000395,2000,10,02,01,01
000000000000000395,3000,10,01,01,01
000000000000000396,1000,10,03,01,01
000000000000000397,3000,10,01,01,01
000000000000000398,1000,10,03,01,01
000000000000000399,2000,10,01,01,01
000000000000000400,3000,10,02,01,01
000000000000000401,3000,10,01,01,01
000000000000000402,3000,10,01,01,01
000000000000000403,3000,10,01,01,01
000000000000000403,1000,10,02,01,01
000000000000000404,1000,10,03,01,01
000000000000000404,2000,10,02,01,01
000000000000000405,1000,10,02,01,01
000000000000000406,1000,10,03,01,01
000000000000000406,2000,10,03,01,01
000000000000000407,1000,10,03,01,01
000000000000000407,2000,10,03,01,01
000000000000000408,3000,10,01,01,01
000000000000000408,1000,10,03,01,01
000000000000000409,3000,10,01,01,01
000000000000000410,2000,10,01,01,01
000000000000000411,1000,10,02,01,01
000000000000000412,3000,10,03,01,01
000000000000000413,3000,10,03,01,01
000000000000000414,3000,10,02,01,01
000000000000000415,1000,10,02,01,01
000000000000000416,1000,10,02,01,01
000000000000000416,2000,10,01,01,01
000000000000000417,3000,10,01,01,01
000000000000000418,2000,10,03,01,01
000000000000000418,3000,10,02,01,01
000000000000000419,1000,10,01,01,01
000000000000000420,2000,10,02,01,01
000000000000000421,3000,10,01,01,01
000000000000000422,3000,10,03,01,01
000000000000000423,1000,10,03,01,01
000000000000000423,2000,10,01,01,01
000000000000000424,3000,10,01,01,01
000000000000000424,2000,10,01,01,01
000000000000000425,3000,10,01,01,01
000000000000000426,3000,10,02,01,01
000000000000000427,1000,10,01,01,01
000000000000000427,3000,10,02,01,01
000000000000000428,1000,10,03,01,01
000000000000000429,2000,10,03,01,01
000000000000000430,1000,10,02,01,01
000000000000000431,1000,10,01,01,01
000000000000000431,2000,10,03,01,01
000000000000000432,1000,10,02,01,01
000000000000000433,2000,10,01,01,01
000000000000000433,1000,10,02,01,01
000000000000000434,1000,10,02,01,01
000000000000000434,3000,10,02,01,01
000000000000000435,3000,10,02,01,01
000000000000000436,3000,10,03,01,01
000000000000000437,2000,10,03,01,01
000000000000000438,2000,10,02,01,01
000000000000000438,1000,10,01,01,01
000000000000000439,1000,10,01,01,01
000000000000000439,3000,10,01,01,01
000000000000000440,3000,10,03,01,01
000000000000000441,2000,10,01,01,01
000000000000000441,3000,10,02,01,01
000000000000000442,3000,10,01,01,01
000000000000000443,3000,10,03,01,01
000000000000000444,2000,10,03,01,01
000000000000000445,2000,10,01,01,01
000000000000000446,2000,10,02,01,01
000000000000000447,1000,10,01,01,01
000000000000000447,2000,10,02,01,01
000000000000000448,2000,10,02,01,01
000000000000000449,2000,10,03,01,01
000000000000000450,2000,10,03,01,01
000000000000000450,3000,10,02,01,01
000000000000000451,1000,10,03,01,01
000000000000000452,2000,10,03,01,01
000000000000000453,2000,10,01,01,01
000000000000000453,1000,10,01,01,01
000000000000000454,3000,10,03,01,01
000000000000000455,1000,10,01,01,01
000000000000000455,2000,10,03,01,01
000000000000000456,3000,10,03,01,01
000000000000000457,2000,10,02,01,01
000000000000000458,1000,10,02,01,01
000000000000000458,3000,10,02,01,01
000000000000000459,1000,10,02,01,01
000000000000000460,3000,10,02,01,01
000000000000000461,3000,10,01,01,01
000000000000000461,2000,10,01,01,01
000000000000000462,2000,10,02,01,01
000000000000000462,1000,10,01,01,01
000000000000000463,3000,10,02,01,01
000000000000000464,2000,10,03,01,01
000000000000000465,1000,10,03,01,01
000000000000000466,1000,10,02,01,01
000000000000000467,2000,10,01,01,01
000000000000000468,2000,10,02,01,01
000000000000000468,3000,10,02,01,01
000000000000000469,3000,10,02,01,01
000000000000000470,2000,10,02,01,01
000000000000000470,1000,10,03,01,01
000000000000000471,3000,10,02,01,01
000000000000000472,3000,10,02,01,01
000000000000000473,3000,10,03,01,01
000000000000000474,2000,10,03,01,01
000000000000000474,1000,10,03,01,01
000000000000000475,2000,10,02,01,01
000000000000000475,1000,10,01,01,01
000000000000000476,3000,10,03,01,01
000000000000000477,1000,10,02,01,01
000000000000000478,3000,10,03,01,01
000000000000000478,2000,10,03,01,01
000000000000000479,2000,10,02,01,01
000000000000000480,1000,10,01,01,01
000000000000000480,2000,10,02,01,01
000000000000000481,1000,10,01,01,01
000000000000000482,2000,10,01,01,01
000000000000000482,1000,10,02,01,01
000000000000000483,1000,10,03,01,01
000000000000000483,2000,10,03,01,01
000000000000000484,3000,10,02,01,01
000000000000000484,2000,10,02,01,01
000000000000000485,1000,10,03,01,01
000000000000000486,2000,10,03,01,01
000000000000000487,1000,10,03,01,01
000000000000000487,3000,10,01,01,01
000000000000000488,2000,10,01,01,01
000000000000000488,1000,10,03,01,01
000000000000000489,2000,10,03,01,01
000000000000000490,2000,10,03,01,01
000000000000000490,3000,10,01,01,01
000000000000000491,1000,10,01,01,01
000000000000000492,2000,10,03,01,01
000000000000000492,1000,10,03,01,01
000000000000000493,2000,10,01,01,01
000000000000000494,1000,10,02,01,01
000000000000000495,3000,10,02,01,01
000000000000000496,1000,10,01,01,01
000000000000000497,2000,10,01,01,01
000000000000000498,3000,10,03,01,01
000000000000000499,2000,10,01,01,01
000000000000000500,1000,10,01,01,01
000000000000000501,3000,10,02,01,01
000000000000000501,1000,10,03,01,01
000000000000000502,1000,10,02,01,01
000000000000000503,2000,10,02,01,01
000000000000000504,1000,10,03,01,01
000000000000000505,2000,10,03,01,01
000000000000000506,3000,10,01,01,01
000000000000000507,1000,10,03,01,01
000000000000000508,2000,10,02,01,01
000000000000000509,2000,10,01,01,01
000000000000000509,1000,10,02,01,01
000000000000000510,2000,10,03,01,01
000000000000000511,3000,10,01,01,01
000000000000000511,2000,10,03,01,01
000000000000000512,3000,10,03,01,01
000000000000000512,2000,10,01,01,01
000000000000000513,3000,10,01,01,01
000000000000000514,3000,10,03,01,01
000000000000000515,3000,10,02,01,01
000000000000000516,1000,10,03,01,01
000000000000000517,3000,10,03,01,01
000000000000000518,1000,10,02,01,01
000000000000000519,3000,10,03,01,01
000000000000000520,1000,10,03,01,01
000000000000000521,1000,10,02,01,01
000000000000000521,3000,10,02,01,01
000000000000000522,2000,10,02,01,01
000000000000000522,3000,10,02,01,01
000000000000000523,2000,10,01,01,01
000000000000000524,2000,10,02,01,01
000000000000000525,3000,10,02,01,01
000000000000000526,2000,10,03,01,01
000000000000000527,3000,10,03,01,01
000000000000000528,3000,10,03,01,01
000000000000000529,2000,10,03,01,01
000000000000000530,1000,10,01,01,01
000000000000000530,2000,10,01,01,01
000000000000000531,3000,10,01,01,01
000000000000000532,2000,10,02,01,01
000000000000000533,2000,10,02,01,01
000000000000000534,1000,10,02,01,01
000000000000000535,2000,10,03,01,01
000000000000000535,3000,10,02,01,01
000000000000000536,2000,10,02,01,01
000000000000000537,1000,10,02,01,01
000000000000000538,3000,10,02,01,01
000000000000000539,3000,10,01,01,01
000000000000000539,1000,10,03,01,01
000000000000000540,3000,10,03,01,01
000000000000000541,3000,10,03,01,01
000000000000000542,2000,10,03,01,01
000000000000000543,1000,10,03,01,01
000000000000000543,2000,10,03,01,01
000000000000000544,1000,10,01,01,01
000000000000000545,3000,10,02,01,01
000000000000000546,1000,10,03,01,01
000000000000000547,2000,10,03,01,01
000000000000000548,2000,10,03,01,01
000000000000000549,2000,10,03,01,01
000000000000000550,3000,10,02,01,01
000000000000000550,1000,10,03,01,01
000000000000000551,1000,10,01,01,01
000000000000000552,2000,10,02,01,01
000000000000000552,3000,10,02,01,01
000000000000000553,3000,10,03,01,01
000000000000000554,2000,10,03,01,01
000000000000000554,3000,10,01,01,01
000000000000000555,2000,10,03,01,01
000000000000000556,1000,10,03,01,01
000000000000000557,1000,10,03,01,01
000000000000000558,1000,10,01,01,01
000000000000000559,1000,10,01,01,01
000000000000000559,2000,10,02,01,01
000000000000000560,1000,10,03,01,01
000000000000000561,3000,10,01,01,01
000000000000000562,3000,10,02,01,01
000000000000000562,2000,10,01,01,01
000000000000000563,1000,10,02,01,01
000000000000000563,3000,10,02,01,01
000000000000000564,2000,10,01,01,01
000000000000000565,1000,10,02,01,01
000000000000000566,3000,10,02,01,01
000000000000000567,1000,10,02,01,01
000000000000000567,2000,10,01,01,01
000000000000000568,3000,10,02,01,01
000000000000000568,1000,10,03,01,01
000000000000000569,1000,10,03,01,01
000000000000000570,2000,10,03,01,01
000000000000000571,2000,10,03,01,01
000000000000000571,3000,10,01,01,01
000000000000000572,1000,10,02,01,01
000000000000000573,1000,10,01,01,01
000000000000000574,1000,10,01,01,01
000000000000000574,3000,10,03,01,01
000000000000000575,3000,10,01,01,01
000000000000000576,3000,10,02,01,01
000000000000000577,3000,10,02,01,01
000000000000000578,3000,10,02,01,01
000000000000000579,1000,10,03,01,01
000000000000000580,3000,10,01,01,01
000000000000000581,1000,10,02,01,01
000000000000000582,3000,10,02,01,01
000000000000000583,1000,10,02,01,01
000000000000000584,3000,10,01,01,01
000000000000000585,3000,10,01,01,01
000000000000000586,2000,10,02,01,01
000000000000000587,3000,10,01,01,01
000000000000000588,1000,10,02,01,01
000000000000000589,1000,10,03,01,01
000000000000000590,3000,10,01,01,01
000000000000000591,2000,10,02,01,01
000000000000000591,3000,10,01,01,01
000000000000000592,3000,10,03,01,01
000000000000000593,1000,10,02,01,01
000000000000000593,2000,10,01,01,01
000000000000000594,1000,10,03,01,01
000000000000000595,1000,10,03,01,01
000000000000000596,3000,10,03,01,01
000000000000000597,3000,10,02,01,01
000000000000000597,2000,10,03,01,01
000000000000000598,1000,10,01,01,01
000000000000000599,1000,10,03,01,01
000000000000000600,3000,10,01,01,01
000000000000000601,2000,10,03,01,01
000000000000000602,3000,10,03,01,01
000000000000000603,3000,10,01,01,01
000000000000000604,3000,10,01,01,01
000000000000000605,2000,10,03,01,01
000000000000000606,3000,10,01,01,01
000000000000000607,2000,10,02,01,01
000000000000000607,1000,10,01,01,01
000000000000000608,2000,10,02,01,01
000000000000000609,2000,10,01,01,01
000000000000000609,3000,10,01,01,01
000000000000000610,2000,10,01,01,01
000000000000000611,3000,10,03,01,01
000000000000000611,2000,10,02,01,01
000000000000000612,2000,10,03,01,01
000000000000000612,3000,10,03,01,01
000000000000000613,3000,10,02,01,01
000000000000000614,1000,10,02,01,01
000000000000000615,2000,10,02,01,01
000000000000000616,3000,10,02,01,01
000000000000000617,2000,10,02,01,01
000000000000000618,1000,10,01,01,01
000000000000000619,3000,10,01,01,01
000000000000000619,2000,10,03,01,01
000000000000000620,1000,10,02,01,01
000000000000000621,1000,10,01,01,01
000000000000000622,2000,10,02,01,01
000000000000000622,3000,10,01,01,01
000000000000000623,3000,10,03,01,01
000000000000000623,1000,10,03,01,01
000000000000000624,2000,10,02,01,01
000000000000000625,2000,10,02,01,01
000000000000000626,2000,10,02,01,01
000000000000000626,3000,10,02,01,01
000000000000000627,3000,10,02,01,01
000000000000000628,1000,10,01,01,01
000000000000000629,1000,10,01,01,01
000000000000000629,3000,10,02,01,01
000000000000000630,3000,10,02,01,01
000000000000000630,1000,10,02,01,01
000000000000000631,3000,10,01,01,01
000000000000000632,1000,10,02,01,01
000000000000000633,2000,10,02,01,01
000000000000000634,3000,10,03,01,01
000000000000000635,2000,10,01,01,01
000000000000000636,3000,10,03,01,01
000000000000000637,2000,10,02,01,01
000000000000000638,1000,10,03,01,01
000000000000000639,1000,10,01,01,01
000000000000000640,3000,10,02,01,01
000000000000000641,2000,10,01,01,01
000000000000000641,1000,10,02,01,01
000000000000000642,2000,10,01,01,01
000000000000000643,1000,10,03,01,01
000000000000000644,1000,10,02,01,01
000000000000000645,2000,10,03,01,01
000000000000000646,3000,10,02,01,01
000000000000000646,2000,10,01,01,01
000000000000000647,1000,10,02,01,01
000000000000000648,2000,10,01,01,01
000000000000000648,1000,10,03,01,01
000000000000000649,2000,10,02,01,01
000000000000000649,3000,10,01,01,01
000000000000000650,3000,10,02,01,01
000000000000000651,2000,10,02,01,01
000000000000000651,3000,10,01,01,01
000000000000000652,2000,10,01,01,01
000000000000000653,3000,10,03,01,01
000000000000000654,3000,10,02,01,01
000000000000000655,2000,10,03,01,01
000000000000000656,2000,10,02,01,01
000000000000000657,1000,10,02,01,01
000000000000000657,3000,10,01,01,01
000000000000000658,1000,10,02,01,01
000000000000000659,2000,10,01,01,01
000000000000000659,3000,10,01,01,01
000000000000000660,1000,10,01,01,01
000000000000000661,3000,10,03,01,01
000000000000000662,3000,10,01,01,01
000000000000000663,2000,10,03,01,01
000000000000000664,3000,10,01,01,01
000000000000000665,3000,10,03,01,01
000000000000000666,2000,10,03,01,01
000000000000000667,2000,10,02,01,01
000000000000000668,2000,10,02,01,01
000000000000000669,3000,10,02,01,01
000000000000000669,1000,10,03,01,01
000000000000000670,2000,10,01,01,01
000000000000000671,1000,10,03,01,01
000000000000000672,2000,10,02,01,01
000000000000000673,2000,10,03,01,01
000000000000000674,3000,10,02,01,01
000000000000000675,2000,10,01,01,01
000000000000000676,2000,10,02,01,01
000000000000000677,1000,10,03,01,01
000000000000000678,2000,10,03,01,01
000000000000000678,1000,10,03,01,01
000000000000000679,1000,10,02,01,01
000000000000000680,1000,10,02,01,01
000000000000000681,1000,10,02,01,01
000000000000000681,2000,10,03,01,01
000000000000000682,2000,10,01,01,01
000000000000000683,2000,10,03,01,01
000000000000000683,1000,10,02,01,01
000000000000000684,1000,10,01,01,01
000000000000000685,1000,10,03,01,01
000000000000000686,3000,10,03,01,01
000000000000000687,1000,10,03,01,01
000000000000000687,2000,10,01,01,01
000000000000000688,1000,10,03,01,01
000000000000000689,2000,10,03,01,01
000000000000000690,2000,10,03,01,01
000000000000000691,1000,10,02,01,01
000000000000000692,2000,10,02,01,01
000000000000000692,3000,10,01,01,01
000000000000000693,2000,10,03,01,01
000000000000000694,3000,10,03,01,01
000000000000000694,2000,10,02,01,01
000000000000000695,1000,10,01,01,01
000000000000000696,1000,10,01,01,01
000000000000000697,1000,10,03,01,01
000000000000000697,2000,10,02,01,01
000000000000000698,2000,10,02,01,01
000000000000000699,3000,10,03,01,01
000000000000000700,1000,10,01,01,01
000000000000000701,2000,10,01,01,01
000000000000000702,2000,10,02,01,01
000000000000000703,3000,10,03,01,01
000000000000000704,3000,10,02,01,01
000000000000000705,2000,10,02,01,01
000000000000000705,1000,10,02,01,01
000000000000000706,2000,10,01,01,01
000000000000000706,3000,10,02,01,01
000000000000000707,1000,10,01,01,01
000000000000000708,3000,10,03,01,01
000000000000000709,1000,10,02,01,01
000000000000000710,2000,10,01,01,01
000000000000000711,3000,10,01,01,01
000000000000000712,2000,10,02,01,01
000000000000000713,2000,10,03,01,01
000000000000000713,3000,10,03,01,01
000000000000000714,2000,10,01,01,01
000000000000000715,3000,10,01,01,01
000000000000000716,1000,10,01,01,01
000000000000000717,3000,10,01,01,01
000000000000000717,2000,10,01,01,01
000000000000000718,2000,10,01,01,01
000000000000000719,1000,10,01,01,01
000000000000000720,2000,10,02,01,01
000000000000000721,1000,10,02,01,01
000000000000000722,2000,10,03,01,01
000000000000000723,1000,10,03,01,01
000000000000000723,3000,10,01,01,01
000000000000000724,1000,10,01,01,01
000000000000000725,2000,10,02,01,01
000000000000000726,1000,10,01,01,01
000000000000000727,3000,10,01,01,01
000000000000000728,3000,10,01,01,01
000000000000000729,1000,10,02,01,01
000000000000000730,1000,10,03,01,01
000000000000000731,3000,10,03,01,01
000000000000000732,2000,10,03,01,01
000000000000000733,3000,10,01,01,01
000000000000000734,2000,10,03,01,01
000000000000000735,3000,10,01,01,01
000000000000000736,1000,10,01,01,01
000000000000000736,3000,10,03,01,01
000000000000000737,1000,10,01,01,01
000000000000000738,2000,10,03,01,01
000000000000000739,2000,10,02,01,01
000000000000000740,1000,10,01,01,01
000000000000000741,2000,10,01,01,01
000000000000000741,3000,10,03,01,01
000000000000000742,1000,10,03,01,01
000000000000000743,2000,10,02,01,01
000000000000000744,1000,10,03,01,01
000000000000000745,3000,10,01,01,01
000000000000000746,2000,10,03,01,01
000000000000000747,1000,10,03,01,01
000000000000000747,3000,10,02,01,01
000000000000000748,3000,10,02,01,01
000000000000000749,2000,10,03,01,01
000000000000000750,2000,10,03,01,01
000000000000000751,1000,10,01,01,01
000000000000000752,1000,10,02,01,01
000000000000000753,1000,10,02,01,01
000000000000000754,2000,10,03,01,01
000000000000000754,3000,10,03,01,01
000000000000000755,1000,10,01,01,01
000000000000000755,2000,10,03,01,01
000000000000000756,2000,10,02,01,01
000000000000000757,3000,10,03,01,01
000000000000000757,1000,10,01,01,01
000000000000000758,1000,10,01,01,01
000000000000000759,1000,10,03,01,01
000000000000000760,2000,10,02,01,01
000000000000000761,2000,10,02,01,01
000000000000000761,3000,10,01,01,01
000000000000000762,1000,10,03,01,01
000000000000000763,1000,10,02,01,01
000000000000000763,2000,10,03,01,01
000000000000000764,3000,10,01,01,01
000000000000000765,1000,10,03,01,01
000000000000000765,2000,10,03,01,01
000000000000000766,2000,10,01,01,01
000000000000000767,2000,10,01,01,01
000000000000000768,2000,10,02,01,01
000000000000000769,2000,10,02,01,01
000000000000000770,2000,10,02,01,01
000000000000000770,1000,10,01,01,01
000000000000000771,2000,10,02,01,01
000000000000000772,2000,10,02,01,01
000000000000000773,1000,10,03,01,01
000000000000000773,2000,10,01,01,01
000000000000000774,3000,10,01,01,01
000000000000000775,2000,10,03,01,01
000000000000000775,3000,10,02,01,01
000000000000000776,3000,10,01,01,01
000000000000000777,3000,10,03,01,01
000000000000000778,3000,10,02,01,01
000000000000000778,1000,10,03,01,01
000000000000000779,3000,10,02,01,01
000000000000000780,3000,10,02,01,01
000000000000000781,3000,10,03,01,01
000000000000000781,1000,10,03,01,01
000000000000000782,3000,10,01,01,01
000000000000000782,2000,10,03,01,01
000000000000000783,1000,10,01,01,01
000000000000000783,2000,10,02,01,01
000000000000000784,1000,10,02,01,01
000000000000000785,2000,10,03,01,01
000000000000000786,3000,10,01,01,01
000000000000000787,3000,10,01,01,01
000000000000000787,1000,10,01,01,01
000000000000000788,2000,10,01,01,01
000000000000000789,1000,10,03,01,01
000000000000000789,2000,10,02,01,01
000000000000000790,2000,10,02,01,01
000000000000000790,3000,10,02,01,01
000000000000000791,2000,10,02,01,01
000000000000000791,1000,10,01,01,01
000000000000000792,3000,10,01,01,01
000000000000000793,3000,10,01,01,01
000000000000000794,2000,10,02,01,01
000000000000000794,3000,10,01,01,01
000000000000000795,1000,10,02,01,01
000000000000000796,2000,10,01,01,01
000000000000000797,3000,10,01,01,01
000000000000000798,3000,10,01,01,01
000000000000000799,3000,10,01,01,01
000000000000000799,1000,10,03,01,01
000000000000000800,3000,10,03,01,01
000000000000000801,1000,10,02,01,01
000000000000000802,1000,10,02,01,01
000000000000000803,1000,10,02,01,01
000000000000000804,3000,10,03,01,01
000000000000000805,2000,10,01,01,01
000000000000000806,2000,10,01,01,01
000000000000000806,1000,10,02,01,01
000000000000000807,2000,10,03,01,01
000000000000000808,3000,10,02,01,01
000000000000000809,3000,10,02,01,01
000000000000000809,2000,10,01,01,01
000000000000000810,2000,10,01,01,01
000000000000000811,1000,10,01,01,01
000000000000000811,2000,10,03,01,01
000000000000000812,1000,10,02,01,01
000000000000000813,3000,10,03,01,01
000000000000000814,2000,10,02,01,01
000000000000000815,3000,10,02,01,01
000000000000000815,1000,10,01,01,01
000000000000000816,1000,10,02,01,01
000000000000000817,2000,10,02,01,01
000000000000000818,1000,10,01,01,01
000000000000000819,2000,10,02,01,01
000000000000000819,3000,10,01,01,01
000000000000000820,1000,10,02,01,01
000000000000000821,1000,10,01,01,01
000000000000000822,3000,10,01,01,01
000000000000000823,3000,10,03,01,01
000000000000000824,1000,10,03,01,01
000000000000000824,2000,10,01,01,01
000000000000000825,2000,10,02,01,01
000000000000000825,1000,10,03,01,01
000000000000000826,1000,10,03,01,01
000000000000000827,1000,10,01,01,01
000000000000000827,2000,10,03,01,01
000000000000000828,3000,10,03,01,01
000000000000000828,1000,10,01,01,01
000000000000000829,1000,10,01,01,01
000000000000000829,3000,10,02,01,01
000000000000000830,2000,10,02,01,01
000000000000000831,2000,10,02,01,01
000000000000000832,3000,10,01,01,01
000000000000000833,1000,10,01,01,01
000000000000000833,3000,10,01,01,01
000000000000000834,3000,10,01,01,01
000000000000000834,2000,10,02,01,01
000000000000000835,2000,10,02,01,01
000000000000000835,3000,10,03,01,01
000000000000000836,1000,10,01,01,01
000000000000000836,2000,10,02,01,01
000000000000000837,1000,10,02,01,01
000000000000000838,2000,10,01,01,01
000000000000000839,3000,10,03,01,01
000000000000000840,2000,10,03,01,01
000000000000000841,3000,10,02,01,01
000000000000000842,1000,10,02,01,01
000000000000000843,1000,10,01,01,01
000000000000000843,3000,10,01,01,01
000000000000000844,2000,10,02,01,01
000000000000000845,2000,10,01,01,01
000000000000000846,1000,10,03,01,01
000000000000000846,2000,10,01,01,01
000000000000000847,1000,10,02,01,01
000000000000000847,2000,10,02,01,01
000000000000000848,1000,10,01,01,01
000000000000000849,1000,10,03,01,01
000000000000000850,2000,10,02,01,01
000000000000000851,3000,10,03,01,01
000000000000000852,1000,10,03,01,01
000000000000000853,1000,10,01,01,01
000000000000000854,3000,10,01,01,01
000000000000000854,2000,10,03,01,01
000000000000000855,3000,10,01,01,01
000000000000000856,2000,10,03,01,01
000000000000000857,1000,10,02,01,01
000000000000000857,3000,10,03,01,01
000000000000000858,1000,10,02,01,01
000000000000000858,3000,10,01,01,01
000000000000000859,2000,10,01,01,01
000000000000000860,3000,10,02,01,01
000000000000000861,2000,10,03,01,01
000000000000000861,1000,10,01,01,01
000000000000000862,1000,10,01,01,01
000000000000000863,2000,10,03,01,01
000000000000000863,3000,10,01,01,01
000000000000000864,2000,10,02,01,01
000000000000000864,1000,10,02,01,01
000000000000000865,1000,10,01,01,01
000000000000000866,2000,10,03,01,01
000000000000000867,1000,10,01,01,01
000000000000000868,1000,10,03,01,01
000000000000000868,2000,10,02,01,01
000000000000000869,2000,10,01,01,01
000000000000000869,3000,10,03,01,01
000000000000000870,3000,10,01,01,01
000000000000000871,1000,10,03,01,01
000000000000000871,2000,10,02,01,01
000000000000000872,2000,10,01,01,01
000000000000000873,2000,10,01,01,01
000000000000000874,3000,10,01,01,01
000000000000000875,2000,10,01,01,01
000000000000000876,1000,10,02,01,01
000000000000000877,2000,10,03,01,01
000000000000000878,1000,10,01,01,01
000000000000000879,3000,10,01,01,01
000000000000000879,2000,10,02,01,01
000000000000000880,1000,10,02,01,01
000000000000000881,2000,10,03,01,01
000000000000000882,1000,10,03,01,01
000000000000000883,3000,10,03,01,01
000000000000000884,2000,10,02,01,01
000000000000000885,3000,10,02,01,01
000000000000000886,3000,10,02,01,01
000000000000000887,3000,10,01,01,01
000000000000000887,1000,10,03,01,01
000000000000000888,2000,10,02,01,01
000000000000000889,2000,10,03,01,01
000000000000000890,2000,10,03,01,01
000000000000000891,1000,10,01,01,01
000000000000000891,3000,10,01,01,01
000000000000000892,3000,10,02,01,01
000000000000000892,1000,10,02,01,01
000000000000000893,2000,10,01,01,01
000000000000000894,3000,10,01,01,01
000000000000000895,2000,10,03,01,01
000000000000000895,3000,10,03,01,01
000000000000000896,1000,10,02,01,01
000000000000000896,2000,10,03,01,01
000000000000000897,2000,10,03,01,01
000000000000000898,1000,10,02,01,01
000000000000000899,3000,10,01,01,01
000000000000000899,2000,10,01,01,01
000000000000000900,1000,10,03,01,01
000000000000000901,2000,10,03,01,01
000000000000000902,2000,10,03,01,01
000000000000000902,1000,10,03,01,01
000000000000000903,3000,10,02,01,01
000000000000000903,2000,10,01,01,01
000000000000000904,3000,10,02,01,01
000000000000000905,1000,10,02,01,01
000000000000000905,2000,10,02,01,01
000000000000000906,3000,10,01,01,01
000000000000000906,1000,10,01,01,01
000000000000000907,3000,10,01,01,01
000000000000000907,2000,10,01,01,01
000000000000000908,2000,10,01,01,01
000000000000000909,1000,10,01,01,01
000000000000000910,3000,10,03,01,01
000000000000000911,2000,10,02,01,01
000000000000000912,2000,10,03,01,01
000000000000000912,1000,10,02,01,01
000000000000000913,2000,10,01,01,01
000000000000000913,3000,10,02,01,01
000000000000000914,1000,10,02,01,01
000000000000000915,3000,10,02,01,01
000000000000000916,2000,10,02,01,01
000000000000000917,3000,10,01,01,01
000000000000000918,3000,10,01,01,01
000000000000000918,1000,10,03,01,01
000000000000000919,2000,10,02,01,01
000000000000000920,2000,10,03,01,01
000000000000000920,1000,10,03,01,01
000000000000000921,2000,10,02,01,01
000000000000000922,2000,10,01,01,01
000000000000000923,3000,10,01,01,01
000000000000000924,1000,10,01,01,01
000000000000000925,1000,10,02,01,01
000000000000000926,2000,10,02,01,01
000000000000000926,1000,10,03,01,01
000000000000000927,3000,10,01,01,01
000000000000000928,1000,10,01,01,01
000000000000000929,2000,10,03,01,01
000000000000000930,1000,10,03,01,01
000000000000000931,1000,10,03,01,01
000000000000000932,1000,10,02,01,01
000000000000000932,2000,10,03,01,01
000000000000000933,3000,10,03,01,01
000000000000000934,2000,10,02,01,01
000000000000000935,2000,10,02,01,01
000000000000000936,2000,10,03,01,01
000000000000000937,1000,10,02,01,01
000000000000000938,1000,10,02,01,01
000000000000000939,1000,10,01,01,01
000000000000000939,2000,10,03,01,01
000000000000000940,2000,10,01,01,01
000000000000000941,3000,10,01,01,01
000000000000000942,1000,10,02,01,01
000000000000000942,3000,10,03,01,01
000000000000000943,3000,10,02,01,01
000000000000000944,3000,10,01,01,01
000000000000000945,1000,10,02,01,01
000000000000000946,2000,10,03,01,01
000000000000000946,1000,10,03,01,01
000000000000000947,3000,10,03,01,01
000000000000000947,2000,10,02,01,01
000000000000000948,3000,10,03,01,01
000000000000000949,1000,10,02,01,01
000000000000000950,2000,10,01,01,01
000000000000000951,2000,10,02,01,01
000000000000000951,3000,10,03,01,01
000000000000000952,3000,10,03,01,01
000000000000000952,2000,10,03,01,01
000000000000000953,3000,10,01,01,01
000000000000000954,1000,10,01,01,01
000000000000000955,2000,10,01,01,01
000000000000000956,2000,10,03,01,01
000000000000000957,1000,10,01,01,01
000000000000000958,3000,10,02,01,01
000000000000000959,1000,10,03,01,01
000000000000000960,2000,10,03,01,01
000000000000000961,2000,10,01,01,01
000000000000000962,2000,10,01,01,01
000000000000000963,3000,10,02,01,01
000000000000000964,2000,10,01,01,01
000000000000000965,1000,10,01,01,01
000000000000000966,3000,10,02,01,01
000000000000000967,3000,10,02,01,01
000000000000000968,2000,10,03,01,01
000000000000000969,3000,10,03,01,01
000000000000000969,2000,10,02,01,01
000000000000000970,2000,10,02,01,01
000000000000000971,2000,10,03,01,01
000000000000000971,1000,10,02,01,01
000000000000000972,1000,10,02,01,01
000000000000000973,3000,10,03,01,01
000000000000000974,2000,10,02,01,01
000000000000000975,3000,10,03,01,01
000000000000000976,3000,10,03,01,01
000000000000000977,2000,10,02,01,01
000000000000000978,3000,10,02,01,01
000000000000000979,2000,10,03,01,01
000000000000000980,2000,10,03,01,01
000000000000000981,2000,10,03,01,01
000000000000000982,2000,10,03,01,01
000000000000000983,1000,10,03,01,01
000000000000000983,3000,10,02,01,01
000000000000000984,2000,10,01,01,01
000000000000000985,2000,10,01,01,01
000000000000000986,1000,10,01,01,01
000000000000000986,2000,10,01,01,01
000000000000000987,1000,10,01,01,01
000000000000000987,2000,10,02,01,01
000000000000000988,3000,10,01,01,01
000000000000000989,3000,10,03,01,01
000000000000000989,1000,10,01,01,01
000000000000000990,3000,10,03,01,01
000000000000000991,2000,10,01,01,01
000000000000000992,3000,10,02,01,01
000000000000000992,1000,10,02,01,01
000000000000000993,2000,10,02,01,01
000000000000000994,1000,10,01,01,01
000000000000000995,2000,10,02,01,01
000000000000000996,2000,10,02,01,01
000000000000000997,2000,10,01,01,01
000000000000000997,1000,10,01,01,01
000000000000000998,1000,10,01,01,01
000000000000000999,3000,10,01,01,01
000000000000000999,1000,10,02,01,01
000000000000001000,2000,10,02,01,01
000000000000001001,1000,10,01,01,01
000000000000001001,3000,10,01,01,01
000000000000001002,1000,10,03,01,01
000000000000001003,3000,10,03,01,01
000000000000001004,1000,10,02,01,01
000000000000001005,2000,10,01,01,01
000000000000001006,3000,10,01,01,01
000000000000001007,2000,10,02,01,01
000000000000001008,2000,10,01,01,01
000000000000001009,1000,10,03,01,01
000000000000001009,2000,10,02,01,01
000000000000001010,3000,10,03,01,01
000000000000001011,1000,10,01,01,01
000000000000001012,3000,10,03,01,01
000000000000001013,2000,10,02,01,01
000000000000001014,2000,10,03,01,01
000000000000001014,3000,10,03,01,01
000000000000001015,1000,10,02,01,01
000000000000001016,3000,10,02,01,01
000000000000001017,3000,10,01,01,01
000000000000001018,3000,10,01,01,01
000000000000001019,3000,10,02,01,01
000000000000001019,2000,10,01,01,01
000000000000001020,1000,10,02,01,01
000000000000001021,3000,10,03,01,01
000000000000001022,2000,10,03,01,01
000000000000001023,3000,10,02,01,01
000000000000001024,1000,10,03,01,01
000000000000001025,3000,10,02,01,01
000000000000001025,1000,10,03,01,01
000000000000001026,2000,10,02,01,01
000000000000001026,3000,10,02,01,01
000000000000001027,1000,10,02,01,01
000000000000001028,1000,10,01,01,01
000000000000001028,2000,10,01,01,01
000000000000001029,3000,10,01,01,01
000000000000001030,3000,10,02,01,01
000000000000001031,1000,10,01,01,01
000000000000001032,2000,10,02,01,01
000000000000001032,1000,10,02,01,01
000000000000001033,1000,10,02,01,01
000000000000001034,1000,10,01,01,01
000000000000001034,3000,10,02,01,01
000000000000001035,2000,10,03,01,01
000000000000001036,3000,10,02,01,01
000000000000001037,3000,10,01,01,01
000000000000001038,1000,10,03,01,01
000000000000001039,3000,10,02,01,01
000000000000001039,2000,10,01,01,01
000000000000001040,2000,10,02,01,01
000000000000001041,2000,10,02,01,01
000000000000001042,3000,10,03,01,01
000000000000001043,1000,10,02,01,01
000000000000001044,3000,10,02,01,01
000000000000001045,2000,10,03,01,01
000000000000001046,3000,10,02,01,01
000000000000001046,2000,10,01,01,01
000000000000001047,1000,10,03,01,01
000000000000001048,3000,10,03,01,01
000000000000001049,1000,10,03,01,01
000000000000001050,2000,10,01,01,01
000000000000001050,1000,10,01,01,01
000000000000001051,3000,10,02,01,01
000000000000001052,3000,10,01,01,01
000000000000001053,2000,10,01,01,01
000000000000001054,2000,10,02,01,01
000000000000001055,3000,10,01,01,01
000000000000001056,3000,10,01,01,01
000000000000001057,3000,10,02,01,01
000000000000001058,1000,10,01,01,01
000000000000001059,1000,10,03,01,01
000000000000001060,2000,10,03,01,01
000000000000001061,1000,10,01,01,01
000000000000001062,3000,10,01,01,01
000000000000001063,1000,10,01,01,01
000000000000001063,2000,10,03,01,01
000000000000001064,2000,10,02,01,01
000000000000001064,1000,10,03,01,01
000000000000001065,1000,10,03,01,01
000000000000001066,1000,10,02,01,01
000000000000001066,3000,10,02,01,01
000000000000001067,2000,10,02,01,01
000000000000001067,1000,10,03,01,01
000000000000001068,3000,10,03,01,01
000000000000001068,2000,10,01,01,01
000000000000001069,2000,10,02,01,01
000000000000001070,1000,10,01,01,01
000000000000001071,3000,10,03,01,01
000000000000001071,1000,10,02,01,01
000000000000001072,3000,10,01,01,01
000000000000001072,1000,10,03,01,01
000000000000001073,3000,10,01,01,01
000000000000001073,2000,10,03,01,01
000000000000001074,3000,10,02,01,01
000000000000001075,1000,10,02,01,01
000000000000001076,3000,10,01,01,01
000000000000001076,1000,10,03,01,01
000000000000001077,1000,10,01,01,01
000000000000001078,1000,10,01,01,01
000000000000001079,2000,10,01,01,01
000000000000001080,3000,10,01,01,01
000000000000001080,2000,10,01,01,01
000000000000001081,2000,10,03,01,01
000000000000001082,2000,10,02,01,01
000000000000001083,2000,10,02,01,01
000000000000001084,3000,10,03,01,01
000000000000001085,3000,10,02,01,01
000000000000001086,2000,10,01,01,01
000000000000001087,1000,10,03,01,01
000000000000001088,2000,10,03,01,01
000000000000001089,1000,10,03,01,01
000000000000001090,1000,10,01,01,01
000000000000001090,2000,10,01,01,01
000000000000001091,1000,10,01,01,01
000000000000001092,3000,10,01,01,01
000000000000001092,1000,10,03,01,01
000000000000001093,1000,10,01,01,01
000000000000001094,3000,10,02,01,01
000000000000001094,1000,10,01,01,01
000000000000001095,2000,10,02,01,01
000000000000001096,1000,10,02,01,01
000000000000001097,1000,10,03,01,01
000000000000001097,2000,10,02,01,01
000000000000001098,3000,10,02,01,01
000000000000001098,2000,10,01,01,01
000000000000001099,3000,10,03,01,01
000000000000001099,1000,10,02,01,01
000000000000001100,3000,10,02,01,01
000000000000001101,1000,10,02,01,01
000000000000001102,1000,10,03,01,01
000000000000001103,1000,10,02,01,01
000000000000001103,3000,10,01,01,01
000000000000001104,3000,10,01,01,01
000000000000001104,1000,10,01,01,01
000000000000001105,2000,10,02,01,01
000000000000001105,1000,10,02,01,01
000000000000001106,1000,10,02,01,01
000000000000001107,1000,10,02,01,01
000000000000001108,2000,10,01,01,01
000000000000001109,2000,10,02,01,01
000000000000001109,3000,10,01,01,01
000000000000001110,3000,10,03,01,01
000000000000001111,2000,10,03,01,01
000000000000001112,3000,10,01,01,01
000000000000001113,1000,10,02,01,01
000000000000001113,2000,10,03,01,01
000000000000001114,1000,10,03,01,01
000000000000001115,3000,10,03,01,01
000000000000001116,3000,10,02,01,01
000000000000001117,1000,10,01,01,01
000000000000001117,2000,10,02,01,01
000000000000001118,1000,10,03,01,01
000000000000001118,2000,10,02,01,01
000000000000001119,3000,10,02,01,01
000000000000001119,1000,10,03,01,01
000000000000001120,2000,10,02,01,01
000000000000001120,3000,10,01,01,01
000000000000001121,1000,10,03,01,01
000000000000001122,1000,10,02,01,01
000000000000001123,3000,10,03,01,01
000000000000001123,1000,10,03,01,01
000000000000001124,1000,10,03,01,01
000000000000001125,2000,10,01,01,01
000000000000001125,3000,10,02,01,01
000000000000001126,3000,10,01,01,01
000000000000001127,3000,10,03,01,01
000000000000001128,3000,10,02,01,01
000000000000001129,2000,10,02,01,01
000000000000001129,3000,10,02,01,01
000000000000001130,1000,10,02,01,01
000000000000001131,1000,10,01,01,01
000000000000001132,1000,10,03,01,01
000000000000001133,3000,10,02,01,01
000000000000001133,1000,10,02,01,01
000000000000001134,3000,10,01,01,01
000000000000001134,1000,10,02,01,01
000000000000001135,3000,10,02,01,01
000000000000001135,1000,10,01,01,01
000000000000001136,3000,10,02,01,01
000000000000001137,2000,10,02,01,01
000000000000001138,1000,10,02,01,01
000000000000001139,1000,10,02,01,01
000000000000001139,3000,10,01,01,01
000000000000001140,2000,10,03,01,01
000000000000001141,3000,10,03,01,01
000000000000001141,1000,10,03,01,01
000000000000001142,2000,10,03,01,01
000000000000001143,2000,10,03,01,01
000000000000001144,2000,10,02,01,01
000000000000001145,3000,10,02,01,01
000000000000001146,3000,10,03,01,01
000000000000001147,2000,10,03,01,01
000000000000001148,1000,10,02,01,01
000000000000001149,1000,10,01,01,01
000000000000001150,1000,10,02,01,01
000000000000001151,1000,10,01,01,01
000000000000001152,3000,10,01,01,01
000000000000001153,2000,10,01,01,01
000000000000001153,3000,10,03,01,01
000000000000001154,1000,10,03,01,01
000000000000001155,3000,10,01,01,01
000000000000001156,2000,10,01,01,01
000000000000001157,3000,10,02,01,01
000000000000001158,2000,10,03,01,01
000000000000001158,3000,10,03,01,01
000000000000001159,3000,10,02,01,01
000000000000001160,3000,10,02,01,01
000000000000001161,3000,10,01,01,01
000000000000001162,3000,10,02,01,01
000000000000001163,2000,10,01,01,01
000000000000001163,1000,10,01,01,01
000000000000001164,3000,10,03,01,01
000000000000001164,1000,10,02,01,01
000000000000001165,3000,10,02,01,01
000000000000001165,1000,10,01,01,01
000000000000001166,2000,10,03,01,01
000000000000001167,3000,10,02,01,01
000000000000001168,2000,10,01,01,01
000000000000001169,2000,10,01,01,01
000000000000001170,1000,10,01,01,01
000000000000001171,1000,10,01,01,01
000000000000001172,1000,10,03,01,01
000000000000001172,3000,10,03,01,01
000000000000001173,2000,10,03,01,01
000000000000001174,2000,10,01,01,01
000000000000001175,2000,10,01,01,01
000000000000001175,1000,10,02,01,01
000000000000001176,2000,10,03,01,01
000000000000001177,1000,10,03,01,01
000000000000001177,3000,10,02,01,01
000000000000001178,1000,10,01,01,01
000000000000001179,2000,10,02,01,01
000000000000001180,1000,10,02,01,01
000000000000001180,3000,10,03,01,01
000000000000001181,3000,10,03,01,01
000000000000001182,2000,10,01,01,01
000000000000001183,1000,10,02,01,01
000000000000001184,3000,10,03,01,01
000000000000001184,1000,10,01,01,01
000000000000001185,3000,10,02,01,01
000000000000001185,1000,10,02,01,01
000000000000001186,1000,10,03,01,01
000000000000001187,1000,10,03,01,01
000000000000001187,3000,10,01,01,01
000000000000001188,3000,10,01,01,01
000000000000001189,3000,10,01,01,01
000000000000001189,2000,10,01,01,01
000000000000001190,3000,10,02,01,01
000000000000001190,1000,10,03,01,01
000000000000001191,3000,10,02,01,01
000000000000001191,1000,10,03,01,01
000000000000001192,2000,10,02,01,01
000000000000001193,3000,10,02,01,01
000000000000001194,3000,10,01,01,01
000000000000001195,3000,10,02,01,01
000000000000001195,1000,10,02,01,01
000000000000001196,2000,10,03,01,01
000000000000001196,1000,10,03,01,01
000000000000001197,1000,10,01,01,01
000000000000001197,2000,10,01,01,01
000000000000001198,2000,10,01,01,01
000000000000001199,1000,10,01,01,01
000000000000001200,2000,10,03,01,01
000000000000001200,3000,10,03,01,01
000000000000001201,1000,10,03,01,01
000000000000001202,2000,10,02,01,01
000000000000001202,1000,10,01,01,01
000000000000001203,2000,10,03,01,01
000000000000001204,2000,10,01,01,01
000000000000001204,1000,10,03,01,01
000000000000001205,2000,10,02,01,01
000000000000001205,1000,10,02,01,01
000000000000001206,2000,10,03,01,01
000000000000001207,3000,10,01,01,01
000000000000001208,2000,10,02,01,01
000000000000001209,3000,10,02,01,01
000000000000001210,1000,10,01,01,01
000000000000001211,3000,10,02,01,01
000000000000001211,1000,10,01,01,01
000000000000001212,2000,10,03,01,01
000000000000001212,1000,10,01,01,01
000000000000001213,1000,10,01,01,01
000000000000001213,2000,10,02,01,01
000000000000001214,3000,10,02,01,01
000000000000001215,2000,10,03,01,01
000000000000001215,3000,10,01,01,01
000000000000001216,3000,10,01,01,01
000000000000001217,2000,10,03,01,01
000000000000001217,1000,10,03,01,01
000000000000001218,3000,10,02,01,01
000000000000001219,2000,10,01,01,01
000000000000001220,1000,10,02,01,01
000000000000001221,2000,10,01,01,01
000000000000001222,2000,10,03,01,01
000000000000001222,3000,10,02,01,01
000000000000001223,3000,10,01,01,01
000000000000001224,3000,10,01,01,01
000000000000001224,2000,10,01,01,01
000000000000001225,3000,10,03,01,01
000000000000001226,1000,10,02,01,01
000000000000001227,1000,10,03,01,01
000000000000001228,3000,10,02,01,01
000000000000001229,2000,10,01,01,01
000000000000001230,1000,10,01,01,01
000000000000001230,2000,10,01,01,01
000000000000001231,3000,10,03,01,01
000000000000001232,2000,10,03,01,01
000000000000001232,1000,10,02,01,01
000000000000001233,3000,10,01,01,01
000000000000001234,2000,10,03,01,01
000000000000001234,1000,10,03,01,01
000000000000001235,3000,10,01,01,01
000000000000001235,1000,10,01,01,01
000000000000001236,2000,10,02,01,01
000000000000001237,2000,10,01,01,01
000000000000001238,2000,10,01,01,01
000000000000001239,1000,10,01,01,01
000000000000001240,1000,10,03,01,01
000000000000001241,2000,10,02,01,01
000000000000001242,1000,10,03,01,01
000000000000001243,2000,10,03,01,01
000000000000001244,1000,10,01,01,01
000000000000001245,1000,10,03,01,01
000000000000001246,2000,10,03,01,01
000000000000001247,1000,10,01,01,01
000000000000001248,2000,10,01,01,01
000000000000001249,1000,10,03,01,01
000000000000001250,2000,10,01,01,01
000000000000001251,1000,10,01,01,01
000000000000001252,1000,10,01,01,01
000000000000001252,2000,10,02,01,01
000000000000001253,1000,10,02,01,01
000000000000001254,2000,10,03,01,01
000000000000001255,2000,10,02,01,01
000000000000001256,2000,10,02,01,01
000000000000001257,2000,10,02,01,01
000000000000001258,3000,10,02,01,01
000000000000001259,3000,10,02,01,01
000000000000001259,1000,10,03,01,01
000000000000001260,2000,10,02,01,01
000000000000001261,3000,10,02,01,01
000000000000001262,2000,10,01,01,01
000000000000001263,1000,10,02,01,01
000000000000001264,3000,10,02,01,01
000000000000001265,1000,10,02,01,01
000000000000001266,3000,10,01,01,01
000000000000001267,1000,10,03,01,01
000000000000001268,1000,10,03,01,01
000000000000001269,1000,10,03,01,01
000000000000001270,2000,10,01,01,01
000000000000001271,3000,10,03,01,01
000000000000001272,3000,10,03,01,01
000000000000001273,2000,10,02,01,01
000000000000001273,1000,10,03,01,01
000000000000001274,1000,10,03,01,01
000000000000001274,2000,10,01,01,01
000000000000001275,1000,10,01,01,01
000000000000001276,2000,10,01,01,01
000000000000001277,2000,10,03,01,01
000000000000001278,1000,10,02,01,01
000000000000001279,1000,10,03,01,01
000000000000001280,3000,10,01,01,01
000000000000001281,1000,10,03,01,01
000000000000001282,1000,10,01,01,01
000000000000001283,3000,10,03,01,01
000000000000001284,1000,10,02,01,01
000000000000001284,3000,10,02,01,01
000000000000001285,3000,10,03,01,01
000000000000001286,2000,10,03,01,01
000000000000001286,1000,10,01,01,01
000000000000001287,3000,10,02,01,01
000000000000001288,1000,10,03,01,01
000000000000001288,3000,10,01,01,01
000000000000001289,1000,10,01,01,01
000000000000001290,3000,10,01,01,01
000000000000001290,2000,10,02,01,01
000000000000001291,2000,10,02,01,01
000000000000001292,2000,10,01,01,01
000000000000001293,3000,10,02,01,01
000000000000001294,3000,10,02,01,01
000000000000001295,3000,10,02,01,01
000000000000001295,1000,10,01,01,01
000000000000001296,2000,10,03,01,01
000000000000001297,1000,10,01,01,01
000000000000001298,2000,10,01,01,01
000000000000001299,2000,10,03,01,01
000000000000001300,2000,10,03,01,01
000000000000001301,3000,10,03,01,01
000000000000001302,3000,10,01,01,01
000000000000001302,2000,10,03,01,01
000000000000001303,1000,10,01,01,01
000000000000001304,1000,10,02,01,01
000000000000001305,3000,10,01,01,01
000000000000001306,2000,10,02,01,01
000000000000001307,2000,10,03,01,01
000000000000001308,1000,10,01,01,01
000000000000001308,3000,10,01,01,01
000000000000001309,2000,10,01,01,01
000000000000001310,1000,10,01,01,01
000000000000001310,3000,10,01,01,01
000000000000001311,2000,10,03,01,01
000000000000001311,3000,10,03,01,01
000000000000001312,1000,10,01,01,01
000000000000001312,3000,10,02,01,01
000000000000001313,1000,10,02,01,01
000000000000001313,2000,10,01,01,01
000000000000001314,1000,10,02,01,01
000000000000001314,3000,10,02,01,01
000000000000001315,3000,10,01,01,01
000000000000001316,2000,10,02,01,01
000000000000001317,1000,10,01,01,01
000000000000001317,3000,10,01,01,01
000000000000001318,3000,10,03,01,01
000000000000001319,1000,10,03,01,01
000000000000001320,2000,10,02,01,01
000000000000001321,2000,10,03,01,01
000000000000001322,2000,10,01,01,01
000000000000001323,2000,10,02,01,01
000000000000001324,3000,10,01,01,01
000000000000001325,1000,10,01,01,01
000000000000001326,3000,10,01,01,01
000000000000001327,1000,10,02,01,01
000000000000001327,3000,10,02,01,01
000000000000001328,2000,10,01,01,01
000000000000001329,3000,10,02,01,01
000000000000001330,3000,10,02,01,01
000000000000001331,2000,10,03,01,01
000000000000001332,2000,10,03,01,01
000000000000001333,1000,10,03,01,01
000000000000001334,1000,10,01,01,01
000000000000001335,1000,10,02,01,01
000000000000001335,2000,10,02,01,01
000000000000001336,3000,10,02,01,01
000000000000001337,3000,10,01,01,01
000000000000001338,1000,10,01,01,01
000000000000001338,3000,10,01,01,01
000000000000001339,2000,10,03,01,01
000000000000001340,3000,10,02,01,01
000000000000001341,2000,10,03,01,01
000000000000001342,2000,10,01,01,01
000000000000001342,1000,10,01,01,01
000000000000001343,2000,10,01,01,01
000000000000001344,3000,10,02,01,01
000000000000001345,1000,10,01,01,01
000000000000001346,1000,10,02,01,01
000000000000001346,2000,10,03,01,01
000000000000001347,1000,10,03,01,01
000000000000001348,2000,10,01,01,01
000000000000001349,2000,10,01,01,01
000000000000001349,1000,10,03,01,01
000000000000001350,1000,10,03,01,01
000000000000001351,1000,10,02,01,01
000000000000001351,3000,10,03,01,01
000000000000001352,2000,10,01,01,01
000000000000001352,1000,10,01,01,01
000000000000001353,1000,10,01,01,01
000000000000001354,2000,10,02,01,01
000000000000001355,2000,10,03,01,01
000000000000001356,3000,10,03,01,01
000000000000001357,1000,10,01,01,01
000000000000001358,2000,10,02,01,01
000000000000001359,3000,10,01,01,01
000000000000001360,3000,10,03,01,01
000000000000001361,1000,10,03,01,01
000000000000001361,2000,10,01,01,01
000000000000001362,3000,10,03,01,01
000000000000001362,2000,10,02,01,01
000000000000001363,1000,10,02,01,01
000000000000001364,1000,10,02,01,01
000000000000001365,2000,10,03,01,01
000000000000001366,3000,10,02,01,01
000000000000001367,3000,10,02,01,01
000000000000001368,3000,10,02,01,01
000000000000001368,1000,10,01,01,01
000000000000001369,3000,10,03,01,01
000000000000001370,1000,10,02,01,01
000000000000001370,2000,10,01,01,01
000000000000001371,1000,10,01,01,01
000000000000001372,2000,10,03,01,01
000000000000001372,3000,10,01,01,01
000000000000001373,3000,10,02,01,01
000000000000001374,3000,10,01,01,01
000000000000001375,2000,10,02,01,01
000000000000001375,1000,10,02,01,01
000000000000001376,1000,10,02,01,01
000000000000001377,3000,10,01,01,01
000000000000001378,3000,10,01,01,01
000000000000001379,3000,10,02,01,01
000000000000001380,2000,10,03,01,01
000000000000001381,1000,10,01,01,01
000000000000001382,2000,10,03,01,01
000000000000001383,2000,10,02,01,01
000000000000001384,3000,10,02,01,01
000000000000001385,2000,10,03,01,01
000000000000001386,2000,10,03,01,01
000000000000001386,1000,10,03,01,01
000000000000001387,3000,10,03,01,01
000000000000001387,2000,10,02,01,01
000000000000001388,3000,10,01,01,01
000000000000001389,3000,10,01,01,01
000000000000001390,2000,10,03,01,01
000000000000001390,3000,10,03,01,01
000000000000001391,1000,10,01,01,01
000000000000001392,2000,10,02,01,01
000000000000001392,1000,10,02,01,01
000000000000001393,2000,10,02,01,01
000000000000001394,1000,10,02,01,01
000000000000001395,3000,10,02,01,01
000000000000001396,1000,10,02,01,01
000000000000001397,1000,10,03,01,01
000000000000001398,3000,10,02,01,01
000000000000001399,3000,10,03,01,01
000000000000001400,3000,10,01,01,01
000000000000001401,2000,10,01,01,01
000000000000001401,1000,10,02,01,01
000000000000001402,2000,10,01,01,01
000000000000001402,3000,10,02,01,01
000000000000001403,2000,10,03,01,01
000000000000001404,2000,10,02,01,01
000000000000001405,3000,10,02,01,01
000000000000001405,1000,10,01,01,01
000000000000001406,2000,10,02,01,01
000000000000001407,2000,10,02,01,01
000000000000001407,1000,10,01,01,01
000000000000001408,3000,10,02,01,01
000000000000001408,2000,10,02,01,01
000000000000001409,1000,10,02,01,01
000000000000001410,2000,10,02,01,01
000000000000001411,1000,10,03,01,01
000000000000001412,3000,10,03,01,01
000000000000001412,1000,10,01,01,01
000000000000001413,1000,10,01,01,01
000000000000001414,3000,10,02,01,01
000000000000001415,1000,10,01,01,01
000000000000001415,3000,10,01,01,01
000000000000001416,2000,10,02,01,01
000000000000001417,2000,10,03,01,01
000000000000001418,3000,10,02,01,01
000000000000001419,3000,10,01,01,01
000000000000001420,3000,10,01,01,01
000000000000001421,1000,10,01,01,01
000000000000001422,3000,10,02,01,01
000000000000001423,2000,10,03,01,01
000000000000001424,3000,10,02,01,01
000000000000001425,1000,10,03,01,01
000000000000001425,3000,10,03,01,01
000000000000001426,2000,10,02,01,01
000000000000001427,1000,10,02,01,01
000000000000001427,3000,10,01,01,01
000000000000001428,3000,10,03,01,01
000000000000001429,3000,10,02,01,01
000000000000001430,1000,10,01,01,01
000000000000001430,3000,10,03,01,01
000000000000001431,1000,10,03,01,01
000000000000001432,2000,10,01,01,01
000000000000001432,3000,10,03,01,01
000000000000001433,1000,10,01,01,01
000000000000001434,3000,10,03,01,01
000000000000001435,3000,10,02,01,01
000000000000001436,1000,10,02,01,01
000000000000001436,3000,10,02,01,01
000000000000001437,1000,10,03,01,01
000000000000001437,2000,10,01,01,01
000000000000001438,2000,10,03,01,01
000000000000001438,3000,10,03,01,01
000000000000001439,3000,10,02,01,01
000000000000001440,2000,10,02,01,01
000000000000001440,3000,10,03,01,01
000000000000001441,1000,10,03,01,01
000000000000001442,2000,10,03,01,01
000000000000001442,1000,10,01,01,01
000000000000001443,2000,10,02,01,01
000000000000001443,3000,10,02,01,01
000000000000001444,1000,10,03,01,01
000000000000001445,1000,10,02,01,01
000000000000001446,2000,10,02,01,01
000000000000001446,1000,10,02,01,01
000000000000001447,2000,10,02,01,01
000000000000001447,3000,10,03,01,01
000000000000001448,3000,10,01,01,01
000000000000001449,3000,10,01,01,01
000000000000001450,2000,10,02,01,01
000000000000001451,1000,10,03,01,01
000000000000001451,2000,10,03,01,01
000000000000001452,1000,10,02,01,01
000000000000001453,1000,10,02,01,01
000000000000001453,3000,10,03,01,01
000000000000001454,2000,10,02,01,01
000000000000001455,3000,10,03,01,01
000000000000001456,2000,10,01,01,01
000000000000001456,3000,10,03,01,01
000000000000001457,2000,10,02,01,01
000000000000001457,1000,10,01,01,01
000000000000001458,1000,10,03,01,01
000000000000001458,3000,10,02,01,01
000000000000001459,3000,10,01,01,01
000000000000001459,1000,10,02,01,01
000000000000001460,2000,10,02,01,01
000000000000001461,3000,10,01,01,01
000000000000001462,2000,10,02,01,01
000000000000001463,2000,10,01,01,01
000000000000001464,1000,10,01,01,01
000000000000001464,3000,10,03,01,01
000000000000001465,2000,10,01,01,01
000000000000001466,1000,10,02,01,01
000000000000001467,2000,10,02,01,01
000000000000001468,3000,10,02,01,01
000000000000001469,3000,10,03,01,01
000000000000001469,1000,10,02,01,01
000000000000001470,2000,10,03,01,01
000000000000001471,3000,10,02,01,01
000000000000001472,1000,10,03,01,01
000000000000001473,2000,10,03,01,01
000000000000001474,2000,10,02,01,01
000000000000001475,1000,10,03,01,01
000000000000001476,3000,10,02,01,01
000000000000001477,3000,10,02,01,01
000000000000001478,3000,10,02,01,01
000000000000001479,1000,10,02,01,01
000000000000001479,3000,10,02,01,01
000000000000001480,1000,10,03,01,01
000000000000001481,1000,10,02,01,01
000000000000001481,2000,10,01,01,01
000000000000001482,3000,10,02,01,01
000000000000001483,3000,10,02,01,01
000000000000001484,2000,10,01,01,01
000000000000001484,3000,10,01,01,01
000000000000001485,3000,10,03,01,01
000000000000001486,3000,10,01,01,01
000000000000001486,2000,10,01,01,01
000000000000001487,2000,10,01,01,01
000000000000001488,3000,10,03,01,01
000000000000001489,2000,10,01,01,01
000000000000001490,1000,10,01,01,01
000000000000001491,3000,10,02,01,01
000000000000001492,1000,10,02,01,01
000000000000001493,1000,10,02,01,01
000000000000001494,3000,10,03,01,01
000000000000001495,1000,10,01,01,01
000000000000001496,1000,10,02,01,01
000000000000001496,3000,10,03,01,01
000000000000001497,2000,10,01,01,01
000000000000001498,2000,10,01,01,01
000000000000001499,1000,10,03,01,01
000000000000001500,3000,10,03,01,01
000000000000001500,1000,10,01,01,01
000000000000001501,3000,10,01,01,01
000000000000001502,2000,10,03,01,01
000000000000001503,3000,10,03,01,01
000000000000001504,3000,10,01,01,01
000000000000001505,1000,10,01,01,01
000000000000001505,2000,10,03,01,01
000000000000001506,3000,10,03,01,01
000000000000001507,1000,10,03,01,01
000000000000001507,2000,10,03,01,01
000000000000001508,2000,10,01,01,01
000000000000001509,3000,10,01,01,01
000000000000001510,3000,10,02,01,01
000000000000001511,2000,10,03,01,01
000000000000001512,2000,10,02,01,01
000000000000001513,1000,10,02,01,01
000000000000001514,1000,10,03,01,01
000000000000001515,1000,10,01,01,01
000000000000001516,3000,10,01,01,01
000000000000001517,2000,10,01,01,01
000000000000001517,3000,10,02,01,01
000000000000001518,3000,10,02,01,01
000000000000001519,1000,10,03,01,01
000000000000001519,2000,10,02,01,01
000000000000001520,3000,10,01,01,01
000000000000001521,1000,10,02,01,01
000000000000001522,2000,10,02,01,01
000000000000001523,3000,10,02,01,01
000000000000001524,2000,10,03,01,01
000000000000001525,3000,10,02,01,01
000000000000001526,2000,10,01,01,01
000000000000001526,3000,10,02,01,01
000000000000001527,1000,10,02,01,01
000000000000001528,2000,10,01,01,01
000000000000001529,1000,10,03,01,01
000000000000001530,1000,10,01,01,01
000000000000001530,3000,10,01,01,01
000000000000001531,2000,10,01,01,01
000000000000001532,2000,10,02,01,01
000000000000001533,1000,10,02,01,01
000000000000001533,3000,10,02,01,01
000000000000001534,3000,10,01,01,01
000000000000001534,1000,10,01,01,01
000000000000001535,3000,10,03,01,01
000000000000001536,2000,10,02,01,01
000000000000001537,2000,10,01,01,01
000000000000001538,1000,10,02,01,01
000000000000001539,1000,10,03,01,01
000000000000001540,3000,10,03,01,01
000000000000001541,3000,10,01,01,01
000000000000001541,1000,10,01,01,01
000000000000001542,1000,10,03,01,01
000000000000001543,3000,10,01,01,01
000000000000001544,3000,10,03,01,01
000000000000001545,2000,10,03,01,01
000000000000001546,2000,10,02,01,01
000000000000001546,1000,10,03,01,01
000000000000001547,1000,10,01,01,01
000000000000001548,2000,10,02,01,01
000000000000001549,2000,10,01,01,01
000000000000001550,2000,10,02,01,01
000000000000001551,2000,10,03,01,01
000000000000001552,3000,10,01,01,01
000000000000001553,2000,10,03,01,01
000000000000001553,3000,10,01,01,01
000000000000001554,2000,10,03,01,01
000000000000001555,1000,10,02,01,01
000000000000001555,2000,10,01,01,01
000000000000001556,2000,10,02,01,01
000000000000001557,1000,10,03,01,01
000000000000001557,2000,10,02,01,01
000000000000001558,1000,10,01,01,01
000000000000001558,2000,10,02,01,01
000000000000001559,2000,10,02,01,01
000000000000001560,2000,10,02,01,01
000000000000001560,1000,10,02,01,01
000000000000001561,1000,10,03,01,01
000000000000001562,1000,10,02,01,01
000000000000001563,1000,10,03,01,01
000000000000001564,3000,10,02,01,01
000000000000001565,3000,10,02,01,01
000000000000001565,1000,10,03,01,01
000000000000001566,1000,10,01,01,01
000000000000001567,1000,10,01,01,01
000000000000001567,2000,10,03,01,01
000000000000001568,2000,10,01,01,01
000000000000001569,2000,10,01,01,01
000000000000001569,1000,10,02,01,01
000000000000001570,1000,10,02,01,01
000000000000001571,1000,10,03,01,01
000000000000001572,1000,10,03,01,01
000000000000001573,1000,10,03,01,01
000000000000001574,3000,10,01,01,01
000000000000001575,1000,10,02,01,01
000000000000001576,2000,10,03,01,01
000000000000001576,3000,10,01,01,01
000000000000001577,1000,10,02,01,01
000000000000001578,1000,10,01,01,01
000000000000001579,3000,10,03,01,01
000000000000001580,3000,10,01,01,01
000000000000001580,1000,10,01,01,01
000000000000001581,1000,10,01,01,01
000000000000001581,3000,10,03,01,01
000000000000001582,1000,10,01,01,01
000000000000001583,2000,10,03,01,01
000000000000001584,2000,10,03,01,01
000000000000001584,3000,10,02,01,01
000000000000001585,1000,10,03,01,01
000000000000001585,2000,10,03,01,01
000000000000001586,3000,10,01,01,01
000000000000001587,2000,10,02,01,01
000000000000001587,1000,10,03,01,01
000000000000001588,1000,10,03,01,01
000000000000001589,1000,10,02,01,01
000000000000001590,2000,10,01,01,01
000000000000001591,1000,10,01,01,01
000000000000001592,1000,10,03,01,01
000000000000001593,3000,10,02,01,01
000000000000001594,1000,10,01,01,01
000000000000001595,3000,10,03,01,01
000000000000001596,3000,10,01,01,01
000000000000001597,3000,10,03,01,01
000000000000001598,2000,10,02,01,01
000000000000001599,1000,10,02,01,01
000000000000001600,1000,10,01,01,01
000000000000001601,3000,10,02,01,01
000000000000001602,3000,10,03,01,01
000000000000001603,3000,10,01,01,01
000000000000001604,3000,10,01,01,01
000000000000001605,3000,10,02,01,01
000000000000001606,3000,10,02,01,01
000000000000001606,1000,10,01,01,01
000000000000001607,2000,10,02,01,01
000000000000001608,2000,10,01,01,01
000000000000001609,2000,10,01,01,01
000000000000001609,3000,10,01,01,01
000000000000001610,3000,10,02,01,01
000000000000001610,2000,10,03,01,01
000000000000001611,2000,10,02,01,01
000000000000001611,1000,10,02,01,01
000000000000001612,1000,10,01,01,01
000000000000001612,3000,10,03,01,01
000000000000001613,3000,10,01,01,01
000000000000001614,1000,10,01,01,01
000000000000001614,3000,10,01,01,01
000000000000001615,1000,10,03,01,01
000000000000001616,3000,10,01,01,01
000000000000001616,1000,10,01,01,01
000000000000001617,3000,10,01,01,01
000000000000001618,1000,10,01,01,01
000000000000001618,2000,10,02,01,01
000000000000001619,1000,10,01,01,01
000000000000001620,3000,10,01,01,01
000000000000001621,2000,10,01,01,01
000000000000001622,3000,10,01,01,01
000000000000001622,1000,10,01,01,01
000000000000001623,2000,10,03,01,01
000000000000001624,2000,10,02,01,01
000000000000001625,2000,10,01,01,01
000000000000001626,1000,10,01,01,01
000000000000001626,2000,10,03,01,01
000000000000001627,2000,10,01,01,01
000000000000001627,1000,10,02,01,01
000000000000001628,2000,10,02,01,01
000000000000001629,1000,10,02,01,01
000000000000001630,1000,10,03,01,01
000000000000001630,2000,10,03,01,01
000000000000001631,1000,10,01,01,01
000000000000001631,3000,10,02,01,01
000000000000001632,2000,10,03,01,01
000000000000001633,2000,10,02,01,01
000000000000001634,3000,10,03,01,01
000000000000001635,3000,10,02,01,01
000000000000001636,1000,10,03,01,01
000000000000001636,2000,10,03,01,01
000000000000001637,3000,10,02,01,01
000000000000001637,1000,10,02,01,01
000000000000001638,2000,10,02,01,01
000000000000001639,3000,10,01,01,01
000000000000001640,1000,10,01,01,01
000000000000001641,2000,10,02,01,01
000000000000001642,3000,10,01,01,01
000000000000001643,1000,10,01,01,01
000000000000001644,2000,10,03,01,01
000000000000001645,3000,10,02,01,01
000000000000001645,1000,10,03,01,01
000000000000001646,2000,10,02,01,01
000000000000001646,1000,10,03,01,01
000000000000001647,3000,10,01,01,01
000000000000001648,1000,10,02,01,01
000000000000001649,3000,10,02,01,01
000000000000001650,3000,10,02,01,01
000000000000001651,2000,10,02,01,01
000000000000001651,3000,10,02,01,01
000000000000001652,2000,10,03,01,01
000000000000001653,1000,10,02,01,01
000000000000001653,3000,10,03,01,01
000000000000001654,1000,10,01,01,01
000000000000001654,3000,10,01,01,01
000000000000001655,1000,10,03,01,01
000000000000001655,2000,10,02,01,01
000000000000001656,3000,10,02,01,01
000000000000001656,1000,10,01,01,01
000000000000001657,3000,10,02,01,01
000000000000001657,2000,10,02,01,01
000000000000001658,3000,10,03,01,01
000000000000001659,1000,10,03,01,01
000000000000001659,2000,10,01,01,01
000000000000001660,1000,10,01,01,01
000000000000001660,2000,10,03,01,01
000000000000001661,3000,10,01,01,01
000000000000001662,2000,10,02,01,01
000000000000001662,1000,10,01,01,01
000000000000001663,1000,10,03,01,01
000000000000001664,1000,10,02,01,01
000000000000001665,2000,10,01,01,01
000000000000001665,3000,10,01,01,01
000000000000001666,2000,10,02,01,01
000000000000001666,1000,10,03,01,01
000000000000001667,3000,10,01,01,01
000000000000001668,2000,10,01,01,01
000000000000001669,2000,10,03,01,01
000000000000001670,2000,10,03,01,01
000000000000001671,1000,10,01,01,01
000000000000001672,1000,10,03,01,01
000000000000001672,3000,10,03,01,01
000000000000001673,1000,10,02,01,01
000000000000001673,3000,10,01,01,01
000000000000001674,2000,10,01,01,01
000000000000001675,2000,10,02,01,01
000000000000001676,1000,10,01,01,01
000000000000001677,1000,10,02,01,01
000000000000001678,1000,10,03,01,01
000000000000001679,1000,10,02,01,01
000000000000001680,2000,10,02,01,01
000000000000001681,3000,10,01,01,01
000000000000001682,3000,10,02,01,01
000000000000001683,2000,10,01,01,01
000000000000001683,3000,10,01,01,01
000000000000001684,3000,10,03,01,01
000000000000001685,1000,10,01,01,01
000000000000001685,2000,10,02,01,01
000000000000001686,3000,10,03,01,01
000000000000001686,2000,10,03,01,01
000000000000001687,1000,10,01,01,01
000000000000001688,3000,10,03,01,01
000000000000001689,1000,10,02,01,01
000000000000001690,2000,10,03,01,01
000000000000001691,1000,10,03,01,01
000000000000001692,3000,10,01,01,01
000000000000001692,1000,10,03,01,01
000000000000001693,2000,10,03,01,01
000000000000001694,1000,10,02,01,01
000000000000001694,3000,10,02,01,01
000000000000001695,3000,10,03,01,01
000000000000001695,2000,10,03,01,01
000000000000001696,1000,10,03,01,01
000000000000001697,2000,10,03,01,01
000000000000001698,3000,10,02,01,01
000000000000001698,1000,10,02,01,01
000000000000001699,3000,10,03,01,01
000000000000001700,3000,10,03,01,01
000000000000001700,2000,10,01,01,01
000000000000001701,1000,10,01,01,01
000000000000001702,3000,10,01,01,01
000000000000001702,2000,10,02,01,01
000000000000001703,1000,10,02,01,01
000000000000001703,2000,10,01,01,01
000000000000001704,3000,10,02,01,01
000000000000001705,3000,10,01,01,01
000000000000001705,2000,10,02,01,01
000000000000001706,3000,10,01,01,01
000000000000001707,3000,10,01,01,01
000000000000001707,1000,10,03,01,01
000000000000001708,3000,10,01,01,01
000000000000001709,1000,10,02,01,01
000000000000001710,3000,10,01,01,01
000000000000001711,1000,10,01,01,01
000000000000001711,2000,10,01,01,01
000000000000001712,3000,10,02,01,01
000000000000001712,2000,10,02,01,01
000000000000001713,2000,10,03,01,01
000000000000001713,1000,10,03,01,01
000000000000001714,1000,10,02,01,01
000000000000001715,3000,10,03,01,01
000000000000001716,3000,10,01,01,01
000000000000001717,3000,10,03,01,01
000000000000001717,1000,10,01,01,01
000000000000001718,3000,10,03,01,01
000000000000001719,1000,10,02,01,01
000000000000001719,2000,10,02,01,01
000000000000001720,3000,10,02,01,01
000000000000001721,1000,10,02,01,01
000000000000001721,2000,10,01,01,01
000000000000001722,2000,10,02,01,01
000000000000001723,1000,10,01,01,01
000000000000001723,2000,10,01,01,01
000000000000001724,3000,10,03,01,01
000000000000001725,1000,10,03,01,01
000000000000001726,2000,10,03,01,01
000000000000001727,1000,10,02,01,01
000000000000001728,3000,10,03,01,01
000000000000001729,1000,10,01,01,01
000000000000001730,2000,10,03,01,01
000000000000001730,3000,10,01,01,01
000000000000001731,2000,10,02,01,01
000000000000001732,1000,10,01,01,01
000000000000001733,1000,10,01,01,01
000000000000001734,2000,10,02,01,01
000000000000001734,3000,10,03,01,01
000000000000001735,1000,10,01,01,01
000000000000001735,3000,10,03,01,01
000000000000001736,2000,10,03,01,01
000000000000001736,3000,10,02,01,01
000000000000001737,1000,10,03,01,01
000000000000001738,1000,10,03,01,01
000000000000001739,1000,10,01,01,01
000000000000001740,1000,10,01,01,01
000000000000001741,3000,10,01,01,01
000000000000001742,2000,10,03,01,01
000000000000001742,1000,10,02,01,01
000000000000001743,2000,10,03,01,01
000000000000001744,3000,10,01,01,01
000000000000001745,1000,10,02,01,01
000000000000001745,2000,10,03,01,01
000000000000001746,3000,10,01,01,01
000000000000001747,2000,10,01,01,01
000000000000001747,1000,10,01,01,01
000000000000001748,1000,10,03,01,01
000000000000001749,2000,10,03,01,01
000000000000001750,2000,10,01,01,01
000000000000001751,3000,10,02,01,01
000000000000001751,2000,10,02,01,01
000000000000001752,3000,10,01,01,01
000000000000001752,2000,10,03,01,01
000000000000001753,3000,10,01,01,01
000000000000001753,2000,10,02,01,01
000000000000001754,1000,10,01,01,01
000000000000001754,3000,10,03,01,01
000000000000001755,3000,10,02,01,01
000000000000001756,3000,10,02,01,01
000000000000001757,3000,10,03,01,01
000000000000001757,2000,10,03,01,01
000000000000001758,1000,10,03,01,01
000000000000001759,2000,10,02,01,01
000000000000001760,1000,10,02,01,01
000000000000001760,3000,10,03,01,01
000000000000001761,2000,10,02,01,01
000000000000001762,2000,10,01,01,01
000000000000001763,1000,10,02,01,01
000000000000001763,3000,10,03,01,01
000000000000001764,2000,10,02,01,01
000000000000001765,2000,10,03,01,01
000000000000001766,2000,10,02,01,01
000000000000001766,3000,10,02,01,01
000000000000001767,3000,10,01,01,01
000000000000001767,1000,10,02,01,01
000000000000001768,3000,10,02,01,01
000000000000001769,3000,10,01,01,01
000000000000001770,2000,10,02,01,01
000000000000001771,1000,10,03,01,01
000000000000001772,1000,10,01,01,01
000000000000001773,1000,10,03,01,01
000000000000001774,2000,10,03,01,01
000000000000001774,1000,10,01,01,01
000000000000001775,3000,10,01,01,01
000000000000001776,2000,10,01,01,01
000000000000001777,2000,10,03,01,01
000000000000001778,2000,10,01,01,01
000000000000001779,3000,10,03,01,01
000000000000001780,1000,10,02,01,01
000000000000001781,2000,10,01,01,01
000000000000001781,1000,10,03,01,01
000000000000001782,2000,10,03,01,01
000000000000001783,3000,10,03,01,01
000000000000001783,1000,10,03,01,01
000000000000001784,1000,10,03,01,01
000000000000001785,1000,10,03,01,01
000000000000001786,1000,10,01,01,01
000000000000001787,2000,10,01,01,01
000000000000001788,3000,10,01,01,01
000000000000001788,1000,10,02,01,01
000000000000001789,3000,10,01,01,01
000000000000001790,2000,10,01,01,01
000000000000001790,3000,10,03,01,01
000000000000001791,1000,10,02,01,01
000000000000001792,2000,10,02,01,01
000000000000001793,1000,10,02,01,01
000000000000001794,3000,10,02,01,01
000000000000001794,1000,10,02,01,01
000000000000001795,3000,10,01,01,01
000000000000001796,2000,10,02,01,01
000000000000001797,3000,10,01,01,01
000000000000001798,3000,10,02,01,01
000000000000001798,1000,10,02,01,01
000000000000001799,3000,10,01,01,01
000000000000001800,3000,10,02,01,01
000000000000001801,2000,10,02,01,01
000000000000001802,1000,10,03,01,01
000000000000001802,3000,10,01,01,01
000000000000001803,2000,10,01,01,01
000000000000001804,3000,10,03,01,01
000000000000001805,1000,10,02,01,01
000000000000001805,3000,10,01,01,01
000000000000001806,3000,10,02,01,01
000000000000001807,3000,10,03,01,01
000000000000001808,3000,10,02,01,01
000000000000001808,2000,10,02,01,01
000000000000001809,2000,10,03,01,01
000000000000001809,3000,10,02,01,01
000000000000001810,2000,10,02,01,01
000000000000001811,2000,10,02,01,01
000000000000001812,2000,10,02,01,01
000000000000001813,2000,10,01,01,01
000000000000001814,1000,10,02,01,01
000000000000001815,2000,10,03,01,01
000000000000001815,3000,10,03,01,01
000000000000001816,3000,10,01,01,01
000000000000001817,1000,10,01,01,01
000000000000001817,3000,10,01,01,01
000000000000001818,1000,10,02,01,01
000000000000001819,3000,10,01,01,01
000000000000001820,1000,10,03,01,01
000000000000001820,2000,10,01,01,01
000000000000001821,2000,10,02,01,01
000000000000001821,1000,10,03,01,01
000000000000001822,3000,10,02,01,01
000000000000001823,1000,10,03,01,01
000000000000001824,2000,10,03,01,01
000000000000001825,3000,10,02,01,01
000000000000001826,2000,10,02,01,01
000000000000001827,3000,10,02,01,01
000000000000001827,1000,10,02,01,01
000000000000001828,1000,10,03,01,01
000000000000001829,2000,10,01,01,01
000000000000001829,1000,10,02,01,01
000000000000001830,1000,10,03,01,01
000000000000001831,3000,10,03,01,01
000000000000001831,2000,10,01,01,01
000000000000001832,2000,10,03,01,01
000000000000001833,3000,10,02,01,01
000000000000001834,1000,10,02,01,01
000000000000001835,3000,10,02,01,01
000000000000001836,1000,10,02,01,01
000000000000001837,1000,10,02,01,01
000000000000001838,2000,10,03,01,01
000000000000001839,1000,10,03,01,01
000000000000001840,3000,10,03,01,01
000000000000001841,3000,10,02,01,01
000000000000001842,2000,10,01,01,01
000000000000001843,1000,10,02,01,01
000000000000001844,2000,10,03,01,01
000000000000001845,1000,10,02,01,01
000000000000001846,2000,10,01,01,01
000000000000001847,3000,10,03,01,01
000000000000001848,1000,10,03,01,01
000000000000001848,2000,10,01,01,01
000000000000001849,1000,10,01,01,01
000000000000001850,2000,10,02,01,01
000000000000001851,1000,10,01,01,01
000000000000001851,3000,10,03,01,01
000000000000001852,2000,10,02,01,01
000000000000001853,2000,10,01,01,01
000000000000001853,1000,10,02,01,01
000000000000001854,1000,10,01,01,01
000000000000001855,2000,10,02,01,01
000000000000001856,3000,10,03,01,01
000000000000001857,3000,10,02,01,01
000000000000001858,2000,10,03,01,01
000000000000001858,3000,10,02,01,01
000000000000001859,1000,10,03,01,01
000000000000001860,3000,10,01,01,01
000000000000001861,3000,10,01,01,01
000000000000001861,1000,10,02,01,01
000000000000001862,3000,10,03,01,01
000000000000001863,2000,10,01,01,01
000000000000001864,2000,10,03,01,01
000000000000001865,3000,10,01,01,01
000000000000001866,3000,10,01,01,01
000000000000001867,1000,10,01,01,01
000000000000001868,1000,10,02,01,01
000000000000001869,3000,10,02,01,01
000000000000001870,2000,10,01,01,01
000000000000001871,1000,10,03,01,01
000000000000001871,2000,10,03,01,01
000000000000001872,2000,10,03,01,01
000000000000001872,1000,10,01,01,01
000000000000001873,3000,10,01,01,01
000000000000001874,3000,10,01,01,01
000000000000001875,2000,10,01,01,01
000000000000001876,2000,10,01,01,01
000000000000001877,2000,10,01,01,01
000000000000001878,1000,10,01,01,01
000000000000001879,1000,10,03,01,01
000000000000001880,1000,10,03,01,01
000000000000001880,2000,10,02,01,01
000000000000001881,2000,10,02,01,01
000000000000001881,1000,10,03,01,01
000000000000001882,1000,10,03,01,01
000000000000001883,3000,10,03,01,01
000000000000001884,3000,10,03,01,01
000000000000001884,2000,10,02,01,01
000000000000001885,3000,10,01,01,01
000000000000001886,2000,10,01,01,01
000000000000001887,2000,10,03,01,01
000000000000001888,1000,10,02,01,01
000000000000001889,2000,10,01,01,01
000000000000001889,1000,10,02,01,01
000000000000001890,2000,10,02,01,01
000000000000001890,1000,10,03,01,01
000000000000001891,3000,10,02,01,01
000000000000001892,3000,10,02,01,01
000000000000001892,2000,10,02,01,01
000000000000001893,3000,10,02,01,01
000000000000001894,1000,10,01,01,01
000000000000001895,1000,10,03,01,01
000000000000001896,1000,10,02,01,01
000000000000001897,2000,10,03,01,01
000000000000001898,2000,10,01,01,01
000000000000001899,1000,10,02,01,01
000000000000001900,3000,10,02,01,01
000000000000001900,1000,10,03,01,01
000000000000001901,3000,10,02,01,01
000000000000001902,2000,10,02,01,01
000000000000001902,3000,10,01,01,01
000000000000001903,1000,10,02,01,01
000000000000001904,1000,10,03,01,01
000000000000001905,2000,10,03,01,01
000000000000001906,2000,10,03,01,01
000000000000001907,3000,10,02,01,01
000000000000001907,1000,10,02,01,01
000000000000001908,3000,10,01,01,01
000000000000001909,2000,10,01,01,01
000000000000001910,1000,10,02,01,01
000000000000001911,2000,10,01,01,01
000000000000001912,3000,10,03,01,01
000000000000001913,3000,10,03,01,01
000000000000001914,2000,10,01,01,01
000000000000001914,1000,10,02,01,01
000000000000001915,2000,10,03,01,01
000000000000001916,2000,10,01,01,01
000000000000001916,3000,10,01,01,01
000000000000001917,1000,10,01,01,01
000000000000001918,3000,10,01,01,01
000000000000001919,1000,10,03,01,01
000000000000001920,2000,10,01,01,01
000000000000001920,3000,10,01,01,01
000000000000001921,2000,10,02,01,01
000000000000001921,1000,10,03,01,01
000000000000001922,1000,10,03,01,01
000000000000001922,2000,10,03,01,01
000000000000001923,3000,10,01,01,01
000000000000001923,2000,10,02,01,01
000000000000001924,2000,10,01,01,01
000000000000001924,1000,10,02,01,01
000000000000001925,2000,10,01,01,01
000000000000001926,3000,10,01,01,01
000000000000001927,3000,10,01,01,01
000000000000001927,2000,10,02,01,01
000000000000001928,1000,10,01,01,01
000000000000001928,3000,10,03,01,01
000000000000001929,3000,10,01,01,01
000000000000001930,3000,10,01,01,01
000000000000001931,1000,10,01,01,01
000000000000001931,3000,10,03,01,01
000000000000001932,3000,10,01,01,01
000000000000001933,3000,10,01,01,01
000000000000001934,2000,10,02,01,01
000000000000001935,2000,10,02,01,01
000000000000001936,2000,10,01,01,01
000000000000001936,3000,10,02,01,01
000000000000001937,3000,10,03,01,01
000000000000001938,1000,10,01,01,01
000000000000001939,1000,10,01,01,01
000000000000001939,2000,10,01,01,01
000000000000001940,1000,10,02,01,01
000000000000001941,3000,10,03,01,01
000000000000001942,1000,10,03,01,01
000000000000001943,3000,10,01,01,01
000000000000001943,1000,10,01,01,01
000000000000001944,1000,10,01,01,01
000000000000001945,3000,10,03,01,01
000000000000001945,1000,10,01,01,01
000000000000001946,1000,10,01,01,01
000000000000001947,1000,10,02,01,01
000000000000001947,2000,10,01,01,01
000000000000001948,2000,10,01,01,01
000000000000001949,3000,10,03,01,01
000000000000001950,1000,10,03,01,01
000000000000001951,3000,10,01,01,01
000000000000001952,3000,10,01,01,01
000000000000001953,2000,10,03,01,01
000000000000001954,1000,10,01,01,01
000000000000001955,1000,10,01,01,01
000000000000001956,1000,10,01,01,01
000000000000001956,3000,10,01,01,01
000000000000001957,2000,10,02,01,01
000000000000001958,3000,10,02,01,01
000000000000001958,1000,10,01,01,01
000000000000001959,2000,10,01,01,01
000000000000001959,3000,10,01,01,01
000000000000001960,2000,10,01,01,01
000000000000001960,3000,10,02,01,01
000000000000001961,1000,10,03,01,01
000000000000001962,1000,10,02,01,01
000000000000001962,2000,10,02,01,01
000000000000001963,1000,10,03,01,01
000000000000001964,2000,10,03,01,01
000000000000001965,3000,10,02,01,01
000000000000001966,3000,10,02,01,01
000000000000001967,3000,10,03,01,01
000000000000001967,1000,10,01,01,01
000000000000001968,1000,10,02,01,01
000000000000001969,3000,10,01,01,01
000000000000001970,3000,10,03,01,01
000000000000001970,1000,10,01,01,01
000000000000001971,3000,10,02,01,01
000000000000001972,1000,10,03,01,01
000000000000001973,3000,10,01,01,01
000000000000001974,3000,10,02,01,01
000000000000001975,3000,10,03,01,01
000000000000001976,3000,10,02,01,01
000000000000001976,2000,10,03,01,01
000000000000001977,1000,10,02,01,01
000000000000001978,2000,10,01,01,01
000000000000001978,1000,10,01,01,01
000000000000001979,3000,10,01,01,01
000000000000001980,2000,10,03,01,01
000000000000001981,2000,10,01,01,01
000000000000001982,1000,10,03,01,01
000000000000001983,1000,10,03,01,01
000000000000001983,3000,10,02,01,01
000000000000001984,3000,10,03,01,01
000000000000001985,2000,10,02,01,01
000000000000001985,3000,10,03,01,01
000000000000001986,2000,10,01,01,01
000000000000001987,2000,10,01,01,01
000000000000001988,1000,10,01,01,01
000000000000001989,1000,10,03,01,01
000000000000001990,3000,10,03,01,01
000000000000001991,1000,10,01,01,01
000000000000001992,1000,10,01,01,01
000000000000001993,3000,10,02,01,01
000000000000001994,3000,10,02,01,01
000000000000001994,1000,10,01,01,01
000000000000001995,1000,10,03,01,01
000000000000001995,2000,10,01,01,01
000000000000001996,1000,10,03,01,01
000000000000001996,2000,10,02,01,01
000000000000001997,1000,10,01,01,01
000000000000001998,2000,10,03,01,01
000000000000001999,3000,10,02,01,01
000000000000001999,2000,10,03,01,01
000000000000002000,3000,10,03,01,01
000000000000002000,1000,10,03,01,01
